_id,userId,bankName,cardNumber,cardHolderName,balance,currency,isActive,lastSyncedAt,createdAt,source,description
"{""$oid"": ""ae4898d3064a343979ea99a3""}","{""$oid"": ""dfd05de1212b9b197a954d73""}",İş Bankası,8911214045501555,Elif Öztürk,19096.39,USD,True,"{""$date"": ""2025-12-21T01:00:54.699000Z""}","{""$date"": ""2025-12-25T08:37:54.699000Z""}",mock,Kredi Kartım
"{""$oid"": ""0da9d5b3f54b62a58aae1f33""}","{""$oid"": ""1ac8e9af6c435b630db51495""}",Garanti Bankası,2191351021125252,Merve Avcı,3214.75,TRY,True,"{""$date"": ""2025-12-24T10:55:54.699000Z""}","{""$date"": ""2025-12-25T08:34:54.699000Z""}",mock,Maaş Kartım
"{""$oid"": ""eca85f36bdaaeae581243121""}","{""$oid"": ""5e2eb3b69878b03354f82960""}",Akbank,1237834620090761,Ali Tekin,11905.66,USD,True,"{""$date"": ""2025-12-22T12:25:54.699000Z""}","{""$date"": ""2025-12-25T08:31:54.699000Z""}",manuel,Banka Kartım
"{""$oid"": ""75dc55ca8e97817293fd0bb7""}","{""$oid"": ""c970305faaf820db7df8c09f""}",İş Bankası,8335741020150250,Emre Demir,12888.18,EUR,False,"{""$date"": ""2025-12-20T20:05:54.699000Z""}","{""$date"": ""2025-12-25T08:28:54.699000Z""}",openbanking,Kredi Kartım
"{""$oid"": ""bd6452661fe9a5bf6563bffd""}","{""$oid"": ""44fde454fb7a712f19f94b83""}",Garanti Bankası,4357644909277437,Esra Özdemir,5928.0,TRY,False,"{""$date"": ""2025-12-19T00:10:54.699000Z""}","{""$date"": ""2025-12-25T08:25:54.699000Z""}",openbanking,Banka Kartım
"{""$oid"": ""519a6f30e90f44c1c7309a99""}","{""$oid"": ""db550a334fa5528649913437""}",Akbank,5632722782652632,Sümeyye Yavuz,11514.36,EUR,True,"{""$date"": ""2025-12-20T18:31:54.699000Z""}","{""$date"": ""2025-12-25T08:22:54.699000Z""}",openbanking,Günlük Harcamalar
"{""$oid"": ""41e77f2e65068f8ac002c320""}","{""$oid"": ""0d15054f3b4af699b1c0603c""}",İş Bankası,3593341882153100,Arda Kurt,17352.2,TRY,True,"{""$date"": ""2025-12-21T17:17:54.699000Z""}","{""$date"": ""2025-12-25T08:19:54.699000Z""}",mock,Biriktirme Hesabım
"{""$oid"": ""74fcf0c75ad20d11cbe1280d""}","{""$oid"": ""a86e236d6d582456067fd225""}",Garanti Bankası,3725035622733606,Oğuz Şahin,17088.79,USD,True,"{""$date"": ""2025-12-18T11:09:54.699000Z""}","{""$date"": ""2025-12-25T08:16:54.699000Z""}",mock,Günlük Harcamalar
"{""$oid"": ""ee39865f1ff126ae34d68bf2""}","{""$oid"": ""87f1f5f040df74ed242c47c6""}",Akbank,2627101230328226,Aylin Güneş,2163.28,TRY,True,"{""$date"": ""2025-12-21T15:19:54.699000Z""}","{""$date"": ""2025-12-25T08:13:54.699000Z""}",mock,Biriktirme Hesabım
"{""$oid"": ""bc59eb85cc25d59a78771f45""}","{""$oid"": ""8aa3c914a0b94a47b2f65103""}",İş Bankası,9050153888743953,Kadir Bulut,13637.74,USD,True,"{""$date"": ""2025-12-23T03:31:54.699000Z""}","{""$date"": ""2025-12-25T08:10:54.699000Z""}",openbanking,Maaş Kartım
"{""$oid"": ""f8d7ca00463cc44b965aa29e""}","{""$oid"": ""0c916301de2484846800c3b5""}",Garanti Bankası,3320117941748386,Esra Koç,15799.72,EUR,True,"{""$date"": ""2025-12-22T12:12:54.699000Z""}","{""$date"": ""2025-12-25T08:07:54.699000Z""}",manuel,Banka Kartım
"{""$oid"": ""0c63c0d6c3828b44d4f3a97a""}","{""$oid"": ""0de88e6b73a2331c15626204""}",Akbank,2471521092482392,Deniz Yıldız,1656.87,EUR,False,"{""$date"": ""2025-12-23T20:34:54.699000Z""}","{""$date"": ""2025-12-25T08:04:54.699000Z""}",manuel,Fatura Hesabım
"{""$oid"": ""4411cb2acd6ffb54784aef37""}","{""$oid"": ""9ac19681c61f40aaa63d8082""}",İş Bankası,3925540017428327,Ceren Keskin,6643.18,USD,True,"{""$date"": ""2025-12-21T01:02:54.699000Z""}","{""$date"": ""2025-12-25T08:01:54.699000Z""}",mock,Günlük Harcamalar
"{""$oid"": ""4576fa6e23e50eee6a226a15""}","{""$oid"": ""64c72857f4de03894ccd35d8""}",Garanti Bankası,6777037202965078,Bahar Yıldız,11360.13,USD,True,"{""$date"": ""2025-12-21T10:33:54.699000Z""}","{""$date"": ""2025-12-25T07:58:54.699000Z""}",mock,Banka Kartım
"{""$oid"": ""d92820630f03857f4a9514de""}","{""$oid"": ""80d9a608496cab154b22286d""}",Akbank,6286502091944401,Hande Erdem,9347.23,TRY,True,"{""$date"": ""2025-12-20T07:09:54.699000Z""}","{""$date"": ""2025-12-25T07:55:54.699000Z""}",openbanking,Banka Kartım
"{""$oid"": ""bbfb1daddb0719cdcafc3a81""}","{""$oid"": ""18dc9e80d4f7459c743922db""}",İş Bankası,9576443299361102,Eren Yıldız,4756.85,TRY,True,"{""$date"": ""2025-12-21T23:19:54.699000Z""}","{""$date"": ""2025-12-25T07:52:54.699000Z""}",mock,Kredi Kartım
"{""$oid"": ""5d53ec8c04d222fe00ab3928""}","{""$oid"": ""fc8fa5ee2df6c07da7f39953""}",Garanti Bankası,5261333666673350,Fatma Şimşek,9958.29,USD,True,"{""$date"": ""2025-12-22T00:31:54.699000Z""}","{""$date"": ""2025-12-25T07:49:54.699000Z""}",manuel,Banka Kartım
"{""$oid"": ""125319753b85bcf7923d98c4""}","{""$oid"": ""c10c92fdb21a4596eaaf15db""}",Akbank,3623709305137150,Süleyman Öztürk,5805.78,TRY,True,"{""$date"": ""2025-12-22T15:11:54.699000Z""}","{""$date"": ""2025-12-25T07:46:54.699000Z""}",openbanking,Fatura Hesabım
"{""$oid"": ""70919dc0c12172605fbeeb54""}","{""$oid"": ""4107eb402f6ec92253540a81""}",İş Bankası,7143457803747172,Derya Yıldız,18477.59,EUR,True,"{""$date"": ""2025-12-23T21:17:54.699000Z""}","{""$date"": ""2025-12-25T07:43:54.699000Z""}",mock,Biriktirme Hesabım
"{""$oid"": ""507a57c23cc90b99b45cbfe1""}","{""$oid"": ""de2bcf9a6c467c47d7a2ef61""}",Garanti Bankası,4532247452951744,Nazlı Aydın,19285.77,EUR,True,"{""$date"": ""2025-12-21T17:58:54.699000Z""}","{""$date"": ""2025-12-25T07:40:54.699000Z""}",openbanking,Günlük Harcamalar
"{""$oid"": ""ab73c81a9a079913f5942f1a""}","{""$oid"": ""dbf39b26b3ee2f6e93300762""}",Akbank,2700259136033343,Tuğba Karaca,8905.59,TRY,True,"{""$date"": ""2025-12-23T03:37:54.699000Z""}","{""$date"": ""2025-12-25T07:37:54.699000Z""}",openbanking,Günlük Harcamalar
"{""$oid"": ""f2c3583083923821c8e9c43e""}","{""$oid"": ""6201c4fb8d057f1799edda4b""}",İş Bankası,8346010250744818,Onur Yalçın,5514.33,EUR,True,"{""$date"": ""2025-12-19T04:11:54.699000Z""}","{""$date"": ""2025-12-25T07:34:54.699000Z""}",openbanking,Biriktirme Hesabım
"{""$oid"": ""6de6f5074abd4d74c488194d""}","{""$oid"": ""398e689cc43790882a89f06e""}",Garanti Bankası,4532530440700173,Batuhan Karaca,9830.22,USD,False,"{""$date"": ""2025-12-22T23:37:54.699000Z""}","{""$date"": ""2025-12-25T07:31:54.699000Z""}",mock,Fatura Hesabım
"{""$oid"": ""4780c3d6823586f516c980d4""}","{""$oid"": ""5b534baf6cd728c89c70cae5""}",Akbank,1816906523620534,Hakan Kurt,8507.2,EUR,True,"{""$date"": ""2025-12-19T10:47:54.699000Z""}","{""$date"": ""2025-12-25T07:28:54.699000Z""}",manuel,Kredi Kartım
"{""$oid"": ""01a39fca1f4e2bcb6b3d6452""}","{""$oid"": ""6a65ee971e564e19e0c02b3d""}",İş Bankası,3150654128226934,Can Bulut,64.2,USD,True,"{""$date"": ""2025-12-21T17:02:54.699000Z""}","{""$date"": ""2025-12-25T07:25:54.699000Z""}",openbanking,Kredi Kartım
"{""$oid"": ""654d30a53abe31da1fd21320""}","{""$oid"": ""4b86ebdff8953602ab2e6b4a""}",Garanti Bankası,1217872914003591,Yusuf Uçar,709.49,TRY,True,"{""$date"": ""2025-12-21T18:10:54.699000Z""}","{""$date"": ""2025-12-25T07:22:54.699000Z""}",openbanking,Maaş Kartım
"{""$oid"": ""d01c6c5c80265ae5039084b1""}","{""$oid"": ""ef7e33fba410b2048dcfd06d""}",Akbank,6591549050542401,Beyza Özdemir,1855.49,EUR,True,"{""$date"": ""2025-12-20T00:05:54.699000Z""}","{""$date"": ""2025-12-25T07:19:54.699000Z""}",manuel,Kredi Kartım
"{""$oid"": ""d17cb21a58e376cfcdcee817""}","{""$oid"": ""3453b2417e10989f8bf2e06a""}",İş Bankası,4204742047775351,Ayşe Uçar,262.5,USD,True,"{""$date"": ""2025-12-21T00:07:54.699000Z""}","{""$date"": ""2025-12-25T07:16:54.699000Z""}",mock,Biriktirme Hesabım
"{""$oid"": ""fd35072c30675586323033c0""}","{""$oid"": ""565d70edfb389535c545b073""}",Garanti Bankası,8541101624420080,Beyza Kurt,16710.38,TRY,True,"{""$date"": ""2025-12-24T09:54:54.699000Z""}","{""$date"": ""2025-12-25T07:13:54.699000Z""}",openbanking,Fatura Hesabım
"{""$oid"": ""9a77ea5f0a29720b36558819""}","{""$oid"": ""9c352bd52d0a3be05cbeb45c""}",Akbank,3615709200130503,Özge Şimşek,12208.37,EUR,True,"{""$date"": ""2025-12-20T07:39:54.699000Z""}","{""$date"": ""2025-12-25T07:10:54.699000Z""}",mock,Fatura Hesabım
"{""$oid"": ""a1baaba839538da1d577f6aa""}","{""$oid"": ""ec42c3b2f1af27aeacaf87c6""}",İş Bankası,1729244891697521,Eren Tekin,9721.82,EUR,True,"{""$date"": ""2025-12-19T05:45:54.699000Z""}","{""$date"": ""2025-12-25T07:07:54.699000Z""}",mock,Kredi Kartım
"{""$oid"": ""2dd4d141e40544c5e9258967""}","{""$oid"": ""eba447c97c67a0c900cbd378""}",Garanti Bankası,3009641020103267,Orhan Güneş,8764.91,USD,True,"{""$date"": ""2025-12-18T11:33:54.699000Z""}","{""$date"": ""2025-12-25T07:04:54.699000Z""}",openbanking,Kredi Kartım
"{""$oid"": ""9b8c625112ca6d65c252b5a6""}","{""$oid"": ""1ea60e24254e512ad1d98f0f""}",Akbank,8515143404447304,Hülya Özdemir,11212.17,USD,True,"{""$date"": ""2025-12-24T12:22:54.699000Z""}","{""$date"": ""2025-12-25T07:01:54.699000Z""}",mock,Günlük Harcamalar
"{""$oid"": ""1074f08f8462c2f18376c16b""}","{""$oid"": ""71c1d758f44913363104af05""}",İş Bankası,2215441301051583,Sümeyye Kılıç,13152.52,EUR,True,"{""$date"": ""2025-12-25T03:37:54.699000Z""}","{""$date"": ""2025-12-25T06:58:54.699000Z""}",manuel,Kredi Kartım
"{""$oid"": ""b8ac40ba0daceb8d88d83b26""}","{""$oid"": ""4e615750e88a7055219dc83a""}",Garanti Bankası,7489294694253224,Özge Yalçın,10127.08,TRY,True,"{""$date"": ""2025-12-23T17:35:54.699000Z""}","{""$date"": ""2025-12-25T06:55:54.699000Z""}",openbanking,Günlük Harcamalar
"{""$oid"": ""5bd83a1ba2420ec3f2225fc7""}","{""$oid"": ""560b1e0c63b828d56be6856d""}",Akbank,7425424266958441,Özge Toprak,656.41,TRY,True,"{""$date"": ""2025-12-23T19:51:54.699000Z""}","{""$date"": ""2025-12-25T06:52:54.699000Z""}",openbanking,Biriktirme Hesabım
"{""$oid"": ""2a8cc0066c0f8fb5a8b011ab""}","{""$oid"": ""3e1e1fa13b5adfb3a41bce2a""}",İş Bankası,9390122531502083,Barış Koç,19162.85,EUR,True,"{""$date"": ""2025-12-18T21:53:54.699000Z""}","{""$date"": ""2025-12-25T06:49:54.699000Z""}",manuel,Fatura Hesabım
"{""$oid"": ""42746422607fb76eab19640e""}","{""$oid"": ""7eae0c70172c2315c2005dff""}",Garanti Bankası,1962840415056579,Tuğba Aydın,4577.86,TRY,True,"{""$date"": ""2025-12-22T20:02:54.699000Z""}","{""$date"": ""2025-12-25T06:46:54.699000Z""}",manuel,Kredi Kartım
"{""$oid"": ""85be09d9cd955c5af3c335be""}","{""$oid"": ""58b251c359c4fbb76f5e6443""}",Akbank,1324380519130185,Gamze Keskin,28.38,USD,True,"{""$date"": ""2025-12-22T00:35:54.699000Z""}","{""$date"": ""2025-12-25T06:43:54.699000Z""}",openbanking,Maaş Kartım
"{""$oid"": ""34780206488d8bd5311e847f""}","{""$oid"": ""b62b6d1621aed81b5ef9b711""}",İş Bankası,1491743303032193,Melis Yavuz,504.69,TRY,True,"{""$date"": ""2025-12-19T23:17:54.699000Z""}","{""$date"": ""2025-12-25T06:40:54.699000Z""}",mock,Biriktirme Hesabım
"{""$oid"": ""5bacb729ffc252db2d746b8a""}","{""$oid"": ""030e6e0b656e969bc0906be5""}",Garanti Bankası,1480271556454202,Sercan Uçar,2239.3,TRY,True,"{""$date"": ""2025-12-25T05:57:54.699000Z""}","{""$date"": ""2025-12-25T06:37:54.699000Z""}",openbanking,Fatura Hesabım
"{""$oid"": ""ef078e9645413a525e4ea3da""}","{""$oid"": ""395cc973064f095e52ab4471""}",Akbank,7561001417420158,Ayşe Güneş,4922.18,USD,True,"{""$date"": ""2025-12-21T04:28:54.699000Z""}","{""$date"": ""2025-12-25T06:34:54.699000Z""}",openbanking,Kredi Kartım
"{""$oid"": ""f45c2518895e161738b14344""}","{""$oid"": ""a3d713a7af305efccf312c58""}",İş Bankası,2044331436011855,Furkan Kaplan,235.75,USD,True,"{""$date"": ""2025-12-22T23:25:54.699000Z""}","{""$date"": ""2025-12-25T06:31:54.699000Z""}",openbanking,Maaş Kartım
"{""$oid"": ""8c33bcbb469bfbecc5f5147b""}","{""$oid"": ""b4b5b1e37a599c1d6e0f5c7e""}",Garanti Bankası,1581428091512140,Şule Kaya,12551.17,TRY,True,"{""$date"": ""2025-12-19T01:11:54.699000Z""}","{""$date"": ""2025-12-25T06:28:54.699000Z""}",manuel,Günlük Harcamalar
"{""$oid"": ""b2e22b324668e40d21b6dc34""}","{""$oid"": ""dcd9b5f1415b272404765622""}",Akbank,5549851731733402,Rabia Yıldız,12705.76,USD,True,"{""$date"": ""2025-12-19T00:32:54.699000Z""}","{""$date"": ""2025-12-25T06:25:54.699000Z""}",mock,Biriktirme Hesabım
"{""$oid"": ""a596b4843eefccd1f9ad9c56""}","{""$oid"": ""d10e83240d479173cf7eff86""}",İş Bankası,5814809933816510,Beyza Polat,1271.45,USD,False,"{""$date"": ""2025-12-18T14:44:54.699000Z""}","{""$date"": ""2025-12-25T06:22:54.699000Z""}",openbanking,Maaş Kartım
"{""$oid"": ""d3d54145c8f89bd270142514""}","{""$oid"": ""ef536d38ded46204361b8247""}",Garanti Bankası,4805253487154825,Samet Erdoğan,256.02,TRY,True,"{""$date"": ""2025-12-21T18:55:54.699000Z""}","{""$date"": ""2025-12-25T06:19:54.699000Z""}",openbanking,Kredi Kartım
"{""$oid"": ""337ed90ef818dd2f96b4493d""}","{""$oid"": ""4ef1d93732e689dd2d4d7d2a""}",Akbank,6559312597016001,Burak Güler,10720.05,USD,True,"{""$date"": ""2025-12-21T03:16:54.699000Z""}","{""$date"": ""2025-12-25T06:16:54.699000Z""}",mock,Banka Kartım
"{""$oid"": ""e2e6cb7e3171b272e04da9f2""}","{""$oid"": ""66d27677c70e1a4d43cebd5d""}",İş Bankası,1330452725209113,Arda Güler,17493.14,TRY,True,"{""$date"": ""2025-12-18T14:40:54.699000Z""}","{""$date"": ""2025-12-25T06:13:54.699000Z""}",openbanking,Banka Kartım
"{""$oid"": ""03113eb21f914e78b5eeaa0a""}","{""$oid"": ""75112c6dd35a0db2f5d8c512""}",Garanti Bankası,3420646955443343,Batuhan Ekinci,15621.97,USD,True,"{""$date"": ""2025-12-18T15:43:54.699000Z""}","{""$date"": ""2025-12-25T06:10:54.699000Z""}",manuel,Maaş Kartım
"{""$oid"": ""5a49c7cd5fa62acc4508a421""}","{""$oid"": ""1dca75cf82ceb498371147dc""}",Akbank,2254073339190242,Gamze Çelik,10772.08,TRY,True,"{""$date"": ""2025-12-21T01:54:54.699000Z""}","{""$date"": ""2025-12-25T06:07:54.699000Z""}",openbanking,Banka Kartım
"{""$oid"": ""84b234711a9360450503d879""}","{""$oid"": ""ca20c013fb6501d44ed50aac""}",İş Bankası,4482029644817420,Cem Uçar,8464.93,EUR,True,"{""$date"": ""2025-12-24T07:23:54.699000Z""}","{""$date"": ""2025-12-25T06:04:54.699000Z""}",manuel,Biriktirme Hesabım
"{""$oid"": ""a6b61586a902086833c19d99""}","{""$oid"": ""2f0705e7601f548b8be20a8d""}",Garanti Bankası,6968852823139444,Emre Demir,11831.6,EUR,True,"{""$date"": ""2025-12-21T12:07:54.699000Z""}","{""$date"": ""2025-12-25T06:01:54.699000Z""}",manuel,Biriktirme Hesabım
"{""$oid"": ""475ebaca36c180b72b091655""}","{""$oid"": ""7491f0b431e466076f93ce3d""}",Akbank,5306853123204312,Merve Demir,15340.24,EUR,True,"{""$date"": ""2025-12-24T10:13:54.699000Z""}","{""$date"": ""2025-12-25T05:58:54.699000Z""}",manuel,Maaş Kartım
"{""$oid"": ""f0b008e39edcbeff3f227f66""}","{""$oid"": ""db9b05fde7b0262683aabc6c""}",İş Bankası,4984515106561372,Ömer Doğan,2461.02,USD,True,"{""$date"": ""2025-12-23T14:50:54.699000Z""}","{""$date"": ""2025-12-25T05:55:54.699000Z""}",openbanking,Banka Kartım
"{""$oid"": ""d2ec3cd1f6443cad73a95a10""}","{""$oid"": ""0eff0798420a0da1dc37280d""}",Garanti Bankası,3773482418505582,Melis Şahin,10761.85,EUR,True,"{""$date"": ""2025-12-20T21:21:54.699000Z""}","{""$date"": ""2025-12-25T05:52:54.699000Z""}",mock,Günlük Harcamalar
"{""$oid"": ""e1eb62cc09f26eeeee32303d""}","{""$oid"": ""a1d6821e5b054b2617b0f72f""}",Akbank,2616157216901515,Oğuz Özdemir,2765.77,TRY,True,"{""$date"": ""2025-12-25T04:15:54.699000Z""}","{""$date"": ""2025-12-25T05:49:54.699000Z""}",openbanking,Biriktirme Hesabım
"{""$oid"": ""981a36ff7347ee8aaf7d4e2c""}","{""$oid"": ""dad139f5f7de5046526a7b75""}",İş Bankası,4854148207175337,Gizem Yavuz,15658.56,EUR,True,"{""$date"": ""2025-12-23T15:10:54.699000Z""}","{""$date"": ""2025-12-25T05:46:54.699000Z""}",manuel,Kredi Kartım
"{""$oid"": ""2597c78b793fb30fc4df32f5""}","{""$oid"": ""d23a67d9e45f27d643b300e8""}",Garanti Bankası,6910939623232859,Ayşe Çetin,10378.22,TRY,True,"{""$date"": ""2025-12-19T21:48:54.699000Z""}","{""$date"": ""2025-12-25T05:43:54.699000Z""}",manuel,Kredi Kartım
"{""$oid"": ""543a3c73ecb57189fc2d938e""}","{""$oid"": ""03417abafb31686758ac3c6c""}",Akbank,6035870520051099,Batuhan Kaya,7579.56,EUR,True,"{""$date"": ""2025-12-23T19:49:54.699000Z""}","{""$date"": ""2025-12-25T05:40:54.699000Z""}",openbanking,Maaş Kartım
"{""$oid"": ""32d43b50922957baa8eedb35""}","{""$oid"": ""63d03b567622646cff46aa01""}",İş Bankası,7312022425207439,Oğuz Kaya,8122.87,EUR,True,"{""$date"": ""2025-12-19T07:34:54.699000Z""}","{""$date"": ""2025-12-25T05:37:54.699000Z""}",openbanking,Kredi Kartım
"{""$oid"": ""684bf0a1618e87f873585bac""}","{""$oid"": ""8bba129a76e3093dad11941e""}",Garanti Bankası,1099595045153231,Esra Bozkurt,1077.82,EUR,True,"{""$date"": ""2025-12-22T11:32:54.699000Z""}","{""$date"": ""2025-12-25T05:34:54.699000Z""}",openbanking,Biriktirme Hesabım
"{""$oid"": ""fd435ad732f808fd199a6d09""}","{""$oid"": ""3b1881558dfbcb861a394fe1""}",Akbank,4305355044434732,Ahmet Keskin,18737.09,TRY,True,"{""$date"": ""2025-12-22T07:30:54.699000Z""}","{""$date"": ""2025-12-25T05:31:54.699000Z""}",openbanking,Biriktirme Hesabım
"{""$oid"": ""e6ebf76e67f879864241d45c""}","{""$oid"": ""72319c93225f3f0ae9e05f44""}",İş Bankası,5724263110034569,Cem Kaya,6640.77,TRY,True,"{""$date"": ""2025-12-18T08:49:54.699000Z""}","{""$date"": ""2025-12-25T05:28:54.699000Z""}",mock,Biriktirme Hesabım
"{""$oid"": ""940ccc4667cb81fe310f3513""}","{""$oid"": ""045228d11d74c6f92bebd85a""}",Garanti Bankası,4532044251450382,Batuhan Öztürk,1435.9,TRY,True,"{""$date"": ""2025-12-21T06:43:54.699000Z""}","{""$date"": ""2025-12-25T05:25:54.699000Z""}",mock,Maaş Kartım
"{""$oid"": ""6b1cdd5046c0e7238b47e698""}","{""$oid"": ""4380c301f0efee07b9faf0e7""}",Akbank,4052122052499745,Esra Demir,15910.51,TRY,True,"{""$date"": ""2025-12-24T20:27:54.699000Z""}","{""$date"": ""2025-12-25T05:22:54.699000Z""}",manuel,Günlük Harcamalar
"{""$oid"": ""7c9499e1528cac9675b8dfe9""}","{""$oid"": ""a1ca60b4bf21944db35e52b1""}",İş Bankası,4004291755832284,Onur Özcan,19748.58,USD,True,"{""$date"": ""2025-12-20T22:42:54.699000Z""}","{""$date"": ""2025-12-25T05:19:54.699000Z""}",openbanking,Fatura Hesabım
"{""$oid"": ""1513c006b78f89a5e4aaa08c""}","{""$oid"": ""24052913a013d49519446516""}",Garanti Bankası,1613574470634931,Ebru Aksoy,1607.04,USD,True,"{""$date"": ""2025-12-19T21:13:54.699000Z""}","{""$date"": ""2025-12-25T05:16:54.699000Z""}",openbanking,Kredi Kartım
"{""$oid"": ""6a49c561313c4fc330ecc40a""}","{""$oid"": ""909c8724416f6d9384d2eedd""}",Akbank,5286063664077017,Beyza Çelik,9404.59,EUR,True,"{""$date"": ""2025-12-23T11:47:54.699000Z""}","{""$date"": ""2025-12-25T05:13:54.699000Z""}",manuel,Maaş Kartım
"{""$oid"": ""9c793e4010377339e706b43c""}","{""$oid"": ""c0f934ef5e3efc864e9770ba""}",İş Bankası,3207846353089904,Taha Yılmaz,4365.69,TRY,False,"{""$date"": ""2025-12-20T22:04:54.699000Z""}","{""$date"": ""2025-12-25T05:10:54.699000Z""}",manuel,Banka Kartım
"{""$oid"": ""ebb48419a84e8d8677d44531""}","{""$oid"": ""8ba3d9e8c4722bbb555cd833""}",Garanti Bankası,5480233444025450,Tolga Koç,487.31,TRY,True,"{""$date"": ""2025-12-24T12:48:54.699000Z""}","{""$date"": ""2025-12-25T05:07:54.699000Z""}",openbanking,Biriktirme Hesabım
"{""$oid"": ""8af48ca4323656c457dc646e""}","{""$oid"": ""8f5da17351d8853d1771b5e2""}",Akbank,1379486063233680,Şeyma Taş,2622.14,USD,True,"{""$date"": ""2025-12-20T10:54:54.699000Z""}","{""$date"": ""2025-12-25T05:04:54.699000Z""}",mock,Maaş Kartım
"{""$oid"": ""4b6a2a689010c1d61efd90a7""}","{""$oid"": ""87a47f8143abd411c100ae5e""}",İş Bankası,2405933352303903,Recep Kılıç,19508.12,TRY,True,"{""$date"": ""2025-12-23T00:24:54.699000Z""}","{""$date"": ""2025-12-25T05:01:54.699000Z""}",manuel,Günlük Harcamalar
"{""$oid"": ""55710f8d435ea21f588d1711""}","{""$oid"": ""4616aec9f7ecbc06edf6de29""}",Garanti Bankası,1032300408328247,Gamze Aydın,8424.76,TRY,False,"{""$date"": ""2025-12-24T08:09:54.699000Z""}","{""$date"": ""2025-12-25T04:58:54.699000Z""}",mock,Banka Kartım
"{""$oid"": ""b7c123f9f916ea22a793e6bf""}","{""$oid"": ""a7efa29b85f3b13bea969d4c""}",Akbank,2891339421217738,Burak Polat,6661.19,USD,True,"{""$date"": ""2025-12-20T14:03:54.699000Z""}","{""$date"": ""2025-12-25T04:55:54.699000Z""}",manuel,Banka Kartım
"{""$oid"": ""2cf53a83f836c7d17e7d3cf8""}","{""$oid"": ""bc6d892adab9bf09fc155ce9""}",İş Bankası,4630485101453314,Taha Tekin,19317.92,TRY,True,"{""$date"": ""2025-12-24T06:33:54.699000Z""}","{""$date"": ""2025-12-25T04:52:54.699000Z""}",openbanking,Fatura Hesabım
"{""$oid"": ""54976bfaf3f5c4eb76b41cf7""}","{""$oid"": ""cc529239e7420650631fdbc3""}",Garanti Bankası,4413540980735871,Kübra Şimşek,16783.37,EUR,True,"{""$date"": ""2025-12-22T14:03:54.699000Z""}","{""$date"": ""2025-12-25T04:49:54.699000Z""}",manuel,Biriktirme Hesabım
"{""$oid"": ""83fa96045ad7e79f1b8da03c""}","{""$oid"": ""f937afb03d65bf479e3314e9""}",Akbank,6423732263024180,Berk Çetin,411.01,USD,True,"{""$date"": ""2025-12-24T03:38:54.699000Z""}","{""$date"": ""2025-12-25T04:46:54.699000Z""}",manuel,Günlük Harcamalar
"{""$oid"": ""3aa60a83b255e43568be9aa2""}","{""$oid"": ""1ba7ae457b29aae842ff0ca7""}",İş Bankası,2810503414013346,Sümeyye Sarı,2283.15,EUR,True,"{""$date"": ""2025-12-23T05:48:54.699000Z""}","{""$date"": ""2025-12-25T04:43:54.699000Z""}",openbanking,Fatura Hesabım
"{""$oid"": ""f0994d5c497884d7f43b09a7""}","{""$oid"": ""d9d43e7bea63f1b6360efc86""}",Garanti Bankası,4531719632320343,Ceren Yalçın,5318.18,TRY,True,"{""$date"": ""2025-12-21T05:16:54.699000Z""}","{""$date"": ""2025-12-25T04:40:54.699000Z""}",mock,Kredi Kartım
"{""$oid"": ""a38d5385e28a95a6f2ff756f""}","{""$oid"": ""34a25da675ae4786278a5c6f""}",Akbank,7505122959260685,Beyza Arslan,17345.73,TRY,True,"{""$date"": ""2025-12-18T06:48:54.699000Z""}","{""$date"": ""2025-12-25T04:37:54.699000Z""}",manuel,Fatura Hesabım
"{""$oid"": ""f604bd67d97c57538896689d""}","{""$oid"": ""8adf9cb7606948485e34f873""}",İş Bankası,3208305793036985,Nazlı Şahin,12369.36,USD,True,"{""$date"": ""2025-12-18T20:01:54.699000Z""}","{""$date"": ""2025-12-25T04:34:54.699000Z""}",mock,Günlük Harcamalar
"{""$oid"": ""382967cda1b2bc33ce9b8289""}","{""$oid"": ""80b092b653690a1b0941f5d9""}",Garanti Bankası,4810059448492574,Melis Bayram,2381.0,TRY,True,"{""$date"": ""2025-12-23T06:35:54.699000Z""}","{""$date"": ""2025-12-25T04:31:54.699000Z""}",manuel,Banka Kartım
"{""$oid"": ""f3b65d1b37c4c36653bdb2b3""}","{""$oid"": ""33a7fa2069b3f44553bd4729""}",Akbank,9101210119540593,Aslı Toprak,18260.95,EUR,True,"{""$date"": ""2025-12-24T03:45:54.699000Z""}","{""$date"": ""2025-12-25T04:28:54.699000Z""}",mock,Biriktirme Hesabım
"{""$oid"": ""043c43be39b12b1a34d9a625""}","{""$oid"": ""281c0b39b799e091444f6181""}",İş Bankası,3204565850506056,Gökhan Şimşek,16161.11,TRY,True,"{""$date"": ""2025-12-21T09:44:54.699000Z""}","{""$date"": ""2025-12-25T04:25:54.699000Z""}",openbanking,Günlük Harcamalar
"{""$oid"": ""836ccde4d1da9817b92a2226""}","{""$oid"": ""f38f6eb23c77888777226fc9""}",Garanti Bankası,8534264354661299,Bahar Erdem,18189.56,TRY,True,"{""$date"": ""2025-12-18T10:57:54.699000Z""}","{""$date"": ""2025-12-25T04:22:54.699000Z""}",mock,Biriktirme Hesabım
"{""$oid"": ""322e0b1642b1f26ec81e1d92""}","{""$oid"": ""69ed66e8cc71b987bde1a4d9""}",Akbank,7525333462425205,Nisa Arslan,618.69,EUR,True,"{""$date"": ""2025-12-23T16:08:54.699000Z""}","{""$date"": ""2025-12-25T04:19:54.699000Z""}",openbanking,Maaş Kartım
"{""$oid"": ""2965541ed94b90fc2f2b0685""}","{""$oid"": ""0e0ccab0e0305f872a3aa6ca""}",İş Bankası,5641000880415450,Yağmur Yalçın,14377.37,USD,False,"{""$date"": ""2025-12-20T04:07:54.699000Z""}","{""$date"": ""2025-12-25T04:16:54.699000Z""}",openbanking,Kredi Kartım
"{""$oid"": ""5b70a37376bb7d8b131b3e02""}","{""$oid"": ""fc909e037704baa8686430c8""}",Garanti Bankası,5220152328114274,Serkan Demir,609.08,TRY,True,"{""$date"": ""2025-12-19T14:46:54.699000Z""}","{""$date"": ""2025-12-25T04:13:54.699000Z""}",openbanking,Biriktirme Hesabım
"{""$oid"": ""405c427c8a78c0e3289b1e8b""}","{""$oid"": ""73e9c64243699b021d9db9f2""}",Akbank,1411604282571147,Mehmet Yalçın,2734.14,TRY,True,"{""$date"": ""2025-12-21T23:31:54.699000Z""}","{""$date"": ""2025-12-25T04:10:54.699000Z""}",openbanking,Banka Kartım
"{""$oid"": ""c423faa4391ce075e8e10a2b""}","{""$oid"": ""23e22c1c5268b686437d1eac""}",İş Bankası,8905244124015090,Barış Aksoy,3669.01,TRY,True,"{""$date"": ""2025-12-20T17:36:54.699000Z""}","{""$date"": ""2025-12-25T04:07:54.699000Z""}",manuel,Fatura Hesabım
"{""$oid"": ""ab5409978e0378328eb333ba""}","{""$oid"": ""074a69243b2dace8bf90af3a""}",Garanti Bankası,3456511860272083,Samet Koç,9837.55,TRY,True,"{""$date"": ""2025-12-24T21:39:54.699000Z""}","{""$date"": ""2025-12-25T04:04:54.699000Z""}",manuel,Kredi Kartım
"{""$oid"": ""9dcead0c35e5c8141566a66b""}","{""$oid"": ""89d5500d757a0ab49b007217""}",Akbank,5403824558210267,Emre Toprak,1067.21,USD,True,"{""$date"": ""2025-12-24T05:42:54.699000Z""}","{""$date"": ""2025-12-25T04:01:54.699000Z""}",mock,Fatura Hesabım
"{""$oid"": ""cb4e748ffac512637ad651c2""}","{""$oid"": ""d4d7a39c0a583df2a0b83c63""}",İş Bankası,2433524603951048,Arda Erdoğan,9614.73,TRY,True,"{""$date"": ""2025-12-19T14:30:54.699000Z""}","{""$date"": ""2025-12-25T03:58:54.699000Z""}",mock,Banka Kartım
"{""$oid"": ""be77d7dbffd53d54ee1f7496""}","{""$oid"": ""205394db9d171ebc1b2b14be""}",Garanti Bankası,6298430082223332,Merve Polat,5204.33,TRY,True,"{""$date"": ""2025-12-19T04:38:54.699000Z""}","{""$date"": ""2025-12-25T03:55:54.699000Z""}",manuel,Banka Kartım
"{""$oid"": ""85910e794ecaa36804e16b54""}","{""$oid"": ""aec13f4ac750915b4bbf8ecf""}",Akbank,2667204355452922,Elif Kılıç,15029.92,EUR,True,"{""$date"": ""2025-12-20T05:09:54.699000Z""}","{""$date"": ""2025-12-25T03:52:54.699000Z""}",manuel,Banka Kartım
"{""$oid"": ""523f7e8237883caf908ed49e""}","{""$oid"": ""1634b873b666ccf9ec4b00d0""}",İş Bankası,5201272273352561,Can Demir,12891.56,TRY,True,"{""$date"": ""2025-12-18T19:53:54.699000Z""}","{""$date"": ""2025-12-25T03:49:54.699000Z""}",manuel,Fatura Hesabım
"{""$oid"": ""d9ea6a9a41262e40f22d4127""}","{""$oid"": ""4c83e9a4068e4226a39aea21""}",Garanti Bankası,5162526712111983,Kerem Doğan,8653.12,EUR,True,"{""$date"": ""2025-12-18T19:24:54.699000Z""}","{""$date"": ""2025-12-25T03:46:54.699000Z""}",openbanking,Günlük Harcamalar
"{""$oid"": ""14b0feaa523adbbf53426cd5""}","{""$oid"": ""e28ac8c35b92f0154e6ced1a""}",Akbank,2176324387432889,Arda Taş,9919.84,TRY,True,"{""$date"": ""2025-12-22T00:08:54.699000Z""}","{""$date"": ""2025-12-25T03:43:54.699000Z""}",openbanking,Banka Kartım
"{""$oid"": ""39956c0588c735158ee6f09f""}","{""$oid"": ""da891b81d22c5a7f735b9de1""}",İş Bankası,5022242682291220,Hülya Çelik,18251.68,USD,True,"{""$date"": ""2025-12-20T13:24:54.699000Z""}","{""$date"": ""2025-12-25T03:40:54.699000Z""}",openbanking,Günlük Harcamalar
"{""$oid"": ""f6e9b4e1260ff638b56f173e""}","{""$oid"": ""f6d20dd0efa47a2a046496ec""}",Garanti Bankası,8369310509120013,Hande Özcan,3140.86,TRY,True,"{""$date"": ""2025-12-20T22:56:54.699000Z""}","{""$date"": ""2025-12-25T03:37:54.699000Z""}",manuel,Günlük Harcamalar
"{""$oid"": ""8c0b5cf1a14703eff8edca7a""}","{""$oid"": ""b934b02c4bb9482ea82a6cb8""}",Akbank,4404355760152722,Gül Toprak,1195.29,TRY,False,"{""$date"": ""2025-12-22T15:09:54.699000Z""}","{""$date"": ""2025-12-25T03:34:54.699000Z""}",manuel,Biriktirme Hesabım
"{""$oid"": ""b338b1468820a8124787596b""}","{""$oid"": ""15ab8689b51573d57d85a58a""}",İş Bankası,2538367101224232,Hülya Sarı,8209.55,USD,True,"{""$date"": ""2025-12-21T18:16:54.699000Z""}","{""$date"": ""2025-12-25T03:31:54.699000Z""}",openbanking,Kredi Kartım
"{""$oid"": ""e3e551fe20ae9986244636bc""}","{""$oid"": ""065ce6d0d2711a41278cdf6b""}",Garanti Bankası,3704065268351043,Deniz Yalçın,12440.91,EUR,True,"{""$date"": ""2025-12-19T17:24:54.699000Z""}","{""$date"": ""2025-12-25T03:28:54.699000Z""}",mock,Banka Kartım
"{""$oid"": ""edb9b9ce42ac01f1139bb2a2""}","{""$oid"": ""0fa511f42597f85163bc83ac""}",Akbank,2211504348104553,Ayşe Arslan,1585.39,EUR,True,"{""$date"": ""2025-12-25T01:06:54.699000Z""}","{""$date"": ""2025-12-25T03:25:54.699000Z""}",mock,Fatura Hesabım
"{""$oid"": ""007f322429ebc19082e5932b""}","{""$oid"": ""88371a0c2965e1666ad6f6f2""}",İş Bankası,3352053662856874,Enes Polat,3769.56,TRY,True,"{""$date"": ""2025-12-20T12:03:54.699000Z""}","{""$date"": ""2025-12-25T03:22:54.699000Z""}",manuel,Banka Kartım
"{""$oid"": ""8e8edb644a27b34f8bbdf00d""}","{""$oid"": ""568d140201adfd7036cc63f8""}",Garanti Bankası,3245597692183567,Berk Demir,12445.07,TRY,True,"{""$date"": ""2025-12-19T01:05:54.699000Z""}","{""$date"": ""2025-12-25T03:19:54.699000Z""}",mock,Kredi Kartım
"{""$oid"": ""c0167809e587cdf8bccc380e""}","{""$oid"": ""14a70bdacc1df54eb1ea9d86""}",Akbank,5376072115444465,Derya Bozkurt,18408.01,TRY,True,"{""$date"": ""2025-12-22T12:23:54.699000Z""}","{""$date"": ""2025-12-25T03:16:54.699000Z""}",openbanking,Maaş Kartım
"{""$oid"": ""3ae77887dce441fddfc5048c""}","{""$oid"": ""734e428e161f43097fa019c7""}",İş Bankası,2311805067115847,Ceren Kaya,14481.15,EUR,True,"{""$date"": ""2025-12-19T19:02:54.699000Z""}","{""$date"": ""2025-12-25T03:13:54.699000Z""}",manuel,Biriktirme Hesabım
"{""$oid"": ""4212284656440c92366f2b1e""}","{""$oid"": ""3a34d72f7ea183d09a99ff47""}",Garanti Bankası,1071455915232325,Ahmet Polat,15374.93,EUR,True,"{""$date"": ""2025-12-18T13:40:54.699000Z""}","{""$date"": ""2025-12-25T03:10:54.699000Z""}",openbanking,Kredi Kartım
"{""$oid"": ""c6c6205dbd93fddeec474b6e""}","{""$oid"": ""4d5786d2b6e91148a3608fd5""}",Akbank,5340555311119172,Gizem Özdemir,2352.32,TRY,True,"{""$date"": ""2025-12-24T15:33:54.699000Z""}","{""$date"": ""2025-12-25T03:07:54.699000Z""}",mock,Fatura Hesabım
"{""$oid"": ""196ee9ef69088ddd1d921835""}","{""$oid"": ""d89e7a377d74a0e7500ade68""}",İş Bankası,1451708811694403,Enes Kurt,17326.1,EUR,True,"{""$date"": ""2025-12-21T21:26:54.699000Z""}","{""$date"": ""2025-12-25T03:04:54.699000Z""}",mock,Fatura Hesabım
"{""$oid"": ""cf5a33b340d16648d780125f""}","{""$oid"": ""76307d97293e6133e390832a""}",Garanti Bankası,4150700020425526,Nazlı Şimşek,17642.04,USD,True,"{""$date"": ""2025-12-20T03:27:54.699000Z""}","{""$date"": ""2025-12-25T03:01:54.699000Z""}",manuel,Fatura Hesabım
"{""$oid"": ""597c33a82d90c20ba6cc04d8""}","{""$oid"": ""7ab4343cf9d6a544f9e6454b""}",Akbank,4640123990521002,Recep Taş,6271.61,USD,True,"{""$date"": ""2025-12-19T13:14:54.699000Z""}","{""$date"": ""2025-12-25T02:58:54.699000Z""}",openbanking,Fatura Hesabım
"{""$oid"": ""5d70c7355e00c0f6ab44cc1c""}","{""$oid"": ""7aa335bc9a356fcd58e30efe""}",İş Bankası,4522093338483244,Sevgi Koç,6730.43,TRY,True,"{""$date"": ""2025-12-22T08:01:54.699000Z""}","{""$date"": ""2025-12-25T02:55:54.699000Z""}",mock,Günlük Harcamalar
"{""$oid"": ""15c1c96d0b981b6f03d8670c""}","{""$oid"": ""0a49181b706b9400bb575d39""}",Garanti Bankası,5223328456542142,Enes Çetin,3484.73,EUR,True,"{""$date"": ""2025-12-21T03:50:54.699000Z""}","{""$date"": ""2025-12-25T02:52:54.699000Z""}",mock,Banka Kartım
"{""$oid"": ""04011328339726768592964a""}","{""$oid"": ""2d2ecf8edc50b986f843c278""}",Akbank,2352032226036455,Burak Sarı,9351.19,USD,True,"{""$date"": ""2025-12-21T20:40:54.699000Z""}","{""$date"": ""2025-12-25T02:49:54.699000Z""}",mock,Fatura Hesabım
"{""$oid"": ""677f89516b82dd8b83428c01""}","{""$oid"": ""f7e78e6420aa4f1bf6d780e7""}",İş Bankası,8771996103213243,Zeynep Bozkurt,257.3,TRY,True,"{""$date"": ""2025-12-20T23:43:54.699000Z""}","{""$date"": ""2025-12-25T02:46:54.699000Z""}",openbanking,Banka Kartım
"{""$oid"": ""c6fe2966dffa39b51a995ec9""}","{""$oid"": ""a209ad666991b6cb7b869f98""}",Garanti Bankası,6157205080984711,Ahmet Arslan,8496.94,EUR,True,"{""$date"": ""2025-12-23T02:17:54.699000Z""}","{""$date"": ""2025-12-25T02:43:54.699000Z""}",manuel,Günlük Harcamalar
"{""$oid"": ""c26dd1001fcd63d202333faa""}","{""$oid"": ""c95629cdf40439c41dcabb61""}",Akbank,3655360501702312,Kadir Karaca,5415.25,TRY,True,"{""$date"": ""2025-12-23T01:34:54.699000Z""}","{""$date"": ""2025-12-25T02:40:54.699000Z""}",openbanking,Kredi Kartım
"{""$oid"": ""01079f1b344b3593f2c90d04""}","{""$oid"": ""dc3e1a273d06405810658675""}",İş Bankası,2432343815180747,Kaan Öztürk,16346.45,TRY,True,"{""$date"": ""2025-12-19T09:53:54.699000Z""}","{""$date"": ""2025-12-25T02:37:54.699000Z""}",manuel,Kredi Kartım
"{""$oid"": ""f97a4ffc1d1292ba982f23ac""}","{""$oid"": ""300cf83dccc36cffd6f5c54d""}",Garanti Bankası,4552022787042412,Berk Koç,6111.91,EUR,True,"{""$date"": ""2025-12-24T11:56:54.699000Z""}","{""$date"": ""2025-12-25T02:34:54.699000Z""}",manuel,Maaş Kartım
"{""$oid"": ""87a9854cdb7e3b705beaed83""}","{""$oid"": ""5deb5a0ea69fe7a4dc654099""}",Akbank,3309773425586010,Gül Demir,11857.84,EUR,False,"{""$date"": ""2025-12-21T17:05:54.699000Z""}","{""$date"": ""2025-12-25T02:31:54.699000Z""}",manuel,Banka Kartım
"{""$oid"": ""e63f1601fbaa31efa0868793""}","{""$oid"": ""bc0d0e4b79bffa2f467da4d0""}",İş Bankası,4288763144024414,Sevgi Doğan,16446.05,EUR,True,"{""$date"": ""2025-12-22T04:08:54.699000Z""}","{""$date"": ""2025-12-25T02:28:54.699000Z""}",manuel,Kredi Kartım
"{""$oid"": ""bbafdf7d769ac7c5d20516dd""}","{""$oid"": ""4625e2f8db41ef1b9a3c1d76""}",Garanti Bankası,5730044350950044,Süleyman Erdoğan,1177.69,USD,True,"{""$date"": ""2025-12-24T11:24:54.699000Z""}","{""$date"": ""2025-12-25T02:25:54.699000Z""}",openbanking,Banka Kartım
"{""$oid"": ""ff471dd177e92cdc0ee0702a""}","{""$oid"": ""edee5f7717502f247c7d16ae""}",Akbank,8562517319162641,Arda Toprak,17075.87,USD,True,"{""$date"": ""2025-12-18T18:47:54.699000Z""}","{""$date"": ""2025-12-25T02:22:54.699000Z""}",mock,Biriktirme Hesabım
"{""$oid"": ""b1fcf608ada0b53dc2f064f1""}","{""$oid"": ""43670daa84b7a245b483b48d""}",İş Bankası,2749209402038101,Derya Demir,1010.65,USD,True,"{""$date"": ""2025-12-19T16:08:54.699000Z""}","{""$date"": ""2025-12-25T02:19:54.699000Z""}",mock,Maaş Kartım
"{""$oid"": ""c1297c6ccb0ed4b05a164539""}","{""$oid"": ""4ebeac271a28ec4b8132159b""}",Garanti Bankası,4355240144861735,Onur Toprak,5397.11,EUR,True,"{""$date"": ""2025-12-24T04:08:54.699000Z""}","{""$date"": ""2025-12-25T02:16:54.699000Z""}",mock,Kredi Kartım
"{""$oid"": ""460248031e9c6e608755150a""}","{""$oid"": ""5487903badb338b54a9701df""}",Akbank,4372985108323101,Enes Kurt,7321.43,EUR,True,"{""$date"": ""2025-12-20T07:00:54.699000Z""}","{""$date"": ""2025-12-25T02:13:54.699000Z""}",openbanking,Fatura Hesabım
"{""$oid"": ""7bf09a243776a8acef0ada87""}","{""$oid"": ""dabbabb3f9ffa2d313e0d0f4""}",İş Bankası,4245821270251683,Gizem Özdemir,5929.44,TRY,True,"{""$date"": ""2025-12-18T21:49:54.699000Z""}","{""$date"": ""2025-12-25T02:10:54.699000Z""}",manuel,Banka Kartım
"{""$oid"": ""9da09644e1f9494e281562af""}","{""$oid"": ""d82fca2682b433fd6e792592""}",Garanti Bankası,4244105895440628,Orhan Erdem,12175.96,TRY,True,"{""$date"": ""2025-12-18T08:04:54.699000Z""}","{""$date"": ""2025-12-25T02:07:54.699000Z""}",manuel,Maaş Kartım
"{""$oid"": ""9b107833e2a45cbb75f92d55""}","{""$oid"": ""229e991b5c200219dba8a293""}",Akbank,1918352135163535,Esra Yalçın,16729.34,USD,True,"{""$date"": ""2025-12-21T20:11:54.699000Z""}","{""$date"": ""2025-12-25T02:04:54.699000Z""}",mock,Fatura Hesabım
"{""$oid"": ""1d7de1c61d88714b53959eb8""}","{""$oid"": ""1a82fc51676e2be06a5fee52""}",İş Bankası,5592132064531761,Mehmet Polat,5798.77,TRY,True,"{""$date"": ""2025-12-19T00:28:54.699000Z""}","{""$date"": ""2025-12-25T02:01:54.699000Z""}",openbanking,Maaş Kartım
"{""$oid"": ""0b0b6a86f49db8d2f56df15e""}","{""$oid"": ""e017b55d16bb44476beac83b""}",Garanti Bankası,1210567617345253,İbrahim Erdem,1338.89,USD,True,"{""$date"": ""2025-12-18T13:41:54.699000Z""}","{""$date"": ""2025-12-25T01:58:54.699000Z""}",manuel,Maaş Kartım
"{""$oid"": ""a4d85f6fe8893bb85772ee7d""}","{""$oid"": ""5e79bf3c3bdada5872fa8fcb""}",Akbank,9230103763744232,Eren Aslan,10694.08,USD,True,"{""$date"": ""2025-12-21T17:20:54.699000Z""}","{""$date"": ""2025-12-25T01:55:54.699000Z""}",mock,Fatura Hesabım
"{""$oid"": ""f3f99ceefaf8bc4c5f1d2278""}","{""$oid"": ""423c1af9ef36ea6a13f5b7b8""}",İş Bankası,1175764102261432,Orhan Erdoğan,2024.14,TRY,True,"{""$date"": ""2025-12-19T16:25:54.699000Z""}","{""$date"": ""2025-12-25T01:52:54.699000Z""}",mock,Kredi Kartım
"{""$oid"": ""fd55d360e227c34d8799833f""}","{""$oid"": ""a52377a9f5c6dc9210414bea""}",Garanti Bankası,8221827103035176,Cem Polat,7091.92,USD,True,"{""$date"": ""2025-12-20T11:12:54.699000Z""}","{""$date"": ""2025-12-25T01:49:54.699000Z""}",manuel,Fatura Hesabım
"{""$oid"": ""3c066523d7b120aa7b1b0b2b""}","{""$oid"": ""6fd0c41500b8f9182d2597b3""}",Akbank,6785349947536052,Ali Arslan,3473.27,TRY,True,"{""$date"": ""2025-12-18T12:00:54.699000Z""}","{""$date"": ""2025-12-25T01:46:54.699000Z""}",manuel,Maaş Kartım
"{""$oid"": ""10e9a24a19dd5adc3d775aec""}","{""$oid"": ""abe69d5a80573274e709e96f""}",İş Bankası,9316555310551461,Oğuz Özdemir,1118.24,EUR,True,"{""$date"": ""2025-12-20T04:13:54.699000Z""}","{""$date"": ""2025-12-25T01:43:54.699000Z""}",openbanking,Biriktirme Hesabım
"{""$oid"": ""205d5b9c74143948842a517a""}","{""$oid"": ""102c83d351762da5333dddba""}",Garanti Bankası,8043555533668624,Zeynep Aydın,8036.54,USD,True,"{""$date"": ""2025-12-22T22:00:54.699000Z""}","{""$date"": ""2025-12-25T01:40:54.699000Z""}",manuel,Günlük Harcamalar
"{""$oid"": ""d76bd2a0989ea8ec9b172f46""}","{""$oid"": ""a8b1bb53d1127dbe883b454e""}",Akbank,1821413466191220,Pınar Bozkurt,12108.57,TRY,True,"{""$date"": ""2025-12-23T14:12:54.699000Z""}","{""$date"": ""2025-12-25T01:37:54.699000Z""}",manuel,Maaş Kartım
"{""$oid"": ""5ef9ec7e3b40b6385e794a22""}","{""$oid"": ""7944e731a62918240bd2444d""}",İş Bankası,2931862103010214,Bahar Taş,2218.83,EUR,False,"{""$date"": ""2025-12-24T20:59:54.699000Z""}","{""$date"": ""2025-12-25T01:34:54.699000Z""}",openbanking,Kredi Kartım
"{""$oid"": ""7defc538a46b29357fe5317b""}","{""$oid"": ""59b6845fcfa5e66245da249f""}",Garanti Bankası,5952537243553180,Barış Doğan,4029.15,EUR,True,"{""$date"": ""2025-12-19T03:49:54.699000Z""}","{""$date"": ""2025-12-25T01:31:54.699000Z""}",openbanking,Kredi Kartım
"{""$oid"": ""ce9ff308521e7aa1aa8f7ec7""}","{""$oid"": ""339c38f64205746ffc8606d4""}",Akbank,4502678347218681,Berk Erdem,7496.6,TRY,True,"{""$date"": ""2025-12-21T12:33:54.699000Z""}","{""$date"": ""2025-12-25T01:28:54.699000Z""}",openbanking,Maaş Kartım
"{""$oid"": ""60e8977c1bc24ee97367be41""}","{""$oid"": ""9fdeb1d45b64f41dec28a914""}",İş Bankası,1913336289639952,Barış Erdoğan,14699.89,USD,True,"{""$date"": ""2025-12-19T06:58:54.699000Z""}","{""$date"": ""2025-12-25T01:25:54.699000Z""}",mock,Fatura Hesabım
"{""$oid"": ""d236e82be7ee5aed1f81acec""}","{""$oid"": ""8873b1a2eaaa8aba6efce5f5""}",Garanti Bankası,5434552224114539,Gizem Sarı,14707.42,USD,True,"{""$date"": ""2025-12-20T16:35:54.699000Z""}","{""$date"": ""2025-12-25T01:22:54.699000Z""}",mock,Maaş Kartım
"{""$oid"": ""bde17535b470197ac99c5719""}","{""$oid"": ""0653acfb0d2ee097b0936d74""}",Akbank,1518003332490410,Ali Yavuz,9579.65,EUR,True,"{""$date"": ""2025-12-19T22:21:54.699000Z""}","{""$date"": ""2025-12-25T01:19:54.699000Z""}",mock,Banka Kartım
"{""$oid"": ""ee523c7772c9f1d6a5e0950c""}","{""$oid"": ""93bf7d00845b9ef9b0a47629""}",İş Bankası,5548809575022961,Recep Ekinci,11122.01,USD,True,"{""$date"": ""2025-12-23T03:06:54.699000Z""}","{""$date"": ""2025-12-25T01:16:54.699000Z""}",manuel,Biriktirme Hesabım
"{""$oid"": ""51a73e1722da889b67ee0940""}","{""$oid"": ""1d96f9d3f3901f8caa088168""}",Garanti Bankası,1065432420566287,Damla Uçar,19286.72,USD,False,"{""$date"": ""2025-12-23T14:57:54.699000Z""}","{""$date"": ""2025-12-25T01:13:54.699000Z""}",mock,Banka Kartım
"{""$oid"": ""5956a73dd7449eda241362f1""}","{""$oid"": ""40360e41cedcfe62e68a742c""}",Akbank,5271051890241737,Büşra Özcan,5990.54,EUR,True,"{""$date"": ""2025-12-22T13:36:54.699000Z""}","{""$date"": ""2025-12-25T01:10:54.699000Z""}",mock,Banka Kartım
"{""$oid"": ""19750b99f0adc1ad624d4f58""}","{""$oid"": ""a5261e4e973e49de2bc2fbd5""}",İş Bankası,7512855404334472,Gül Aksoy,3439.27,TRY,True,"{""$date"": ""2025-12-18T21:03:54.699000Z""}","{""$date"": ""2025-12-25T01:07:54.699000Z""}",manuel,Günlük Harcamalar
"{""$oid"": ""d550559078991a4027f42dff""}","{""$oid"": ""28d041a2eae212988b0b3b21""}",Garanti Bankası,7954527374007416,Ali Taş,6982.86,EUR,True,"{""$date"": ""2025-12-23T19:35:54.699000Z""}","{""$date"": ""2025-12-25T01:04:54.699000Z""}",openbanking,Biriktirme Hesabım
"{""$oid"": ""6c8e3fcf4cfd6bfdd6f0f378""}","{""$oid"": ""e19f2674dc98cbf1faca8486""}",Akbank,1526052730916803,Merve Güler,15776.33,TRY,True,"{""$date"": ""2025-12-20T16:34:54.699000Z""}","{""$date"": ""2025-12-25T01:01:54.699000Z""}",mock,Maaş Kartım
"{""$oid"": ""4bf9077ff96a57395ed8847c""}","{""$oid"": ""6db1f78decd18d325a6fcf19""}",İş Bankası,3682008595946426,Beyza Sarı,2130.77,USD,True,"{""$date"": ""2025-12-24T16:43:54.699000Z""}","{""$date"": ""2025-12-25T00:58:54.699000Z""}",openbanking,Kredi Kartım
"{""$oid"": ""b69744b1fd0082ee3bfeca3a""}","{""$oid"": ""8c75f1f30425b45cfe7286a7""}",Garanti Bankası,4514940093721895,Zeynep Şimşek,3558.8,USD,True,"{""$date"": ""2025-12-21T12:57:54.699000Z""}","{""$date"": ""2025-12-25T00:55:54.699000Z""}",mock,Fatura Hesabım
"{""$oid"": ""8d621ee220d4978a3b241263""}","{""$oid"": ""1a29640cc14628ad40ec0776""}",Akbank,5536240314742033,Arda Koç,10113.88,EUR,True,"{""$date"": ""2025-12-18T14:10:54.699000Z""}","{""$date"": ""2025-12-25T00:52:54.699000Z""}",openbanking,Maaş Kartım
"{""$oid"": ""e4dac34964472db4b4213173""}","{""$oid"": ""defa0f08bc28d9963603c52c""}",İş Bankası,8464814044535076,Enes Yalçın,11233.34,EUR,True,"{""$date"": ""2025-12-18T20:56:54.699000Z""}","{""$date"": ""2025-12-25T00:49:54.699000Z""}",manuel,Biriktirme Hesabım
"{""$oid"": ""1f8bc4ccd38e0ed8a7b96374""}","{""$oid"": ""02b1f9a04446a1723a34cdc3""}",Garanti Bankası,4370417223511215,Ali Aksoy,13181.81,USD,True,"{""$date"": ""2025-12-19T01:31:54.699000Z""}","{""$date"": ""2025-12-25T00:46:54.699000Z""}",manuel,Biriktirme Hesabım
"{""$oid"": ""bf4483472e6b95438c427884""}","{""$oid"": ""9583da1641a7cd34e80740f7""}",Akbank,9120187195329424,Oğuz Tekin,10356.73,EUR,True,"{""$date"": ""2025-12-19T19:27:54.699000Z""}","{""$date"": ""2025-12-25T00:43:54.699000Z""}",manuel,Günlük Harcamalar
"{""$oid"": ""13bed24b807e33c00edcad13""}","{""$oid"": ""296800a985307393cda2cf93""}",İş Bankası,4216723125429682,Ece Kaya,6815.53,EUR,True,"{""$date"": ""2025-12-24T10:28:54.699000Z""}","{""$date"": ""2025-12-25T00:40:54.699000Z""}",openbanking,Biriktirme Hesabım
"{""$oid"": ""4bec759e88bed28d8cf7ec74""}","{""$oid"": ""609da1ba84a515913704ef94""}",Garanti Bankası,1033548491231706,Fatma Şahin,11675.7,USD,True,"{""$date"": ""2025-12-24T07:44:54.699000Z""}","{""$date"": ""2025-12-25T00:37:54.699000Z""}",manuel,Biriktirme Hesabım
"{""$oid"": ""bb5d0116324ccee82bd84b84""}","{""$oid"": ""c3cc2cccc86b328374cd9871""}",Akbank,8263561645670494,Nazlı Kılıç,499.46,TRY,True,"{""$date"": ""2025-12-22T14:28:54.699000Z""}","{""$date"": ""2025-12-25T00:34:54.699000Z""}",openbanking,Banka Kartım
"{""$oid"": ""dc1af062f6740f468041e5a4""}","{""$oid"": ""8bf8e2d3a072683d1b7360b3""}",İş Bankası,7014004752277643,Kübra Şahin,3622.38,USD,True,"{""$date"": ""2025-12-21T16:28:54.699000Z""}","{""$date"": ""2025-12-25T00:31:54.699000Z""}",mock,Fatura Hesabım
"{""$oid"": ""c83ded3cb6e42e68f4ce8083""}","{""$oid"": ""6a63393c79bdced36d747c70""}",Garanti Bankası,4914235552626331,Gizem Özcan,14947.16,TRY,True,"{""$date"": ""2025-12-23T02:33:54.699000Z""}","{""$date"": ""2025-12-25T00:28:54.699000Z""}",manuel,Biriktirme Hesabım
"{""$oid"": ""0eff466c031c27421ca6043e""}","{""$oid"": ""eb369c26e47768377307b3e8""}",Akbank,8678509780575235,Süleyman Sarı,5621.14,TRY,True,"{""$date"": ""2025-12-19T03:43:54.699000Z""}","{""$date"": ""2025-12-25T00:25:54.699000Z""}",manuel,Günlük Harcamalar
"{""$oid"": ""5d7cb218bbd5515e1d01b90a""}","{""$oid"": ""702d7b875181abc377ff1f22""}",İş Bankası,4369783360280706,Ali Doğan,7396.63,EUR,True,"{""$date"": ""2025-12-25T00:01:54.699000Z""}","{""$date"": ""2025-12-25T00:22:54.699000Z""}",mock,Biriktirme Hesabım
"{""$oid"": ""43b288a423431fbf6cbfae79""}","{""$oid"": ""e5ecab85c44647b1b28418c4""}",Garanti Bankası,8320227999399511,Recep Kaya,724.08,EUR,True,"{""$date"": ""2025-12-21T10:56:54.699000Z""}","{""$date"": ""2025-12-25T00:19:54.699000Z""}",manuel,Biriktirme Hesabım
"{""$oid"": ""6a8ee367e14fa7fe84cf31f3""}","{""$oid"": ""f5735309b4602dd75fb7fc81""}",Akbank,2352021744225384,Sinan Ekinci,8043.52,USD,True,"{""$date"": ""2025-12-18T22:08:54.699000Z""}","{""$date"": ""2025-12-25T00:16:54.699000Z""}",mock,Kredi Kartım
"{""$oid"": ""7d770fc4e58ece8ce1b9f5c4""}","{""$oid"": ""af86e6e6300fbacbfc4c518e""}",İş Bankası,1440333001115459,Sümeyye Özcan,1447.29,USD,True,"{""$date"": ""2025-12-21T22:03:54.699000Z""}","{""$date"": ""2025-12-25T00:13:54.699000Z""}",manuel,Günlük Harcamalar
"{""$oid"": ""2e151d20e699a09259573a1b""}","{""$oid"": ""df47f8f432e3f63497151a86""}",Garanti Bankası,2221259597151631,Derya Özcan,17347.49,TRY,True,"{""$date"": ""2025-12-20T08:46:54.699000Z""}","{""$date"": ""2025-12-25T00:10:54.699000Z""}",openbanking,Kredi Kartım
"{""$oid"": ""3f0f95f38bb4f6e193a8a94c""}","{""$oid"": ""dbcc16c8aebb46ce119b7e3f""}",Akbank,2873313784171643,Şule Avcı,8412.68,USD,True,"{""$date"": ""2025-12-21T15:39:54.699000Z""}","{""$date"": ""2025-12-25T00:07:54.699000Z""}",manuel,Günlük Harcamalar
"{""$oid"": ""335eddd5b2162919636ccd16""}","{""$oid"": ""a7ebc6ea57cbdd1e94491cf0""}",İş Bankası,1457234138134383,Ayşe Yılmaz,9844.11,EUR,True,"{""$date"": ""2025-12-19T22:35:54.699000Z""}","{""$date"": ""2025-12-25T00:04:54.699000Z""}",manuel,Maaş Kartım
"{""$oid"": ""f32f68b0aae3f62e6d4a204c""}","{""$oid"": ""77e0e95abb061c49ab2483c3""}",Garanti Bankası,6532205144061153,Recep Özdemir,7251.9,TRY,True,"{""$date"": ""2025-12-24T15:07:54.699000Z""}","{""$date"": ""2025-12-25T00:01:54.699000Z""}",mock,Banka Kartım
"{""$oid"": ""4f1a2701794529b2138d5278""}","{""$oid"": ""9f29bc9f9f36815758054e97""}",Akbank,5005525583103349,Furkan Karaca,6257.74,USD,True,"{""$date"": ""2025-12-18T11:22:54.699000Z""}","{""$date"": ""2025-12-24T23:58:54.699000Z""}",mock,Biriktirme Hesabım
"{""$oid"": ""32bcc4617cb81d47b6a72514""}","{""$oid"": ""49670e4b12181330fecaea5a""}",İş Bankası,4043980402339442,Ceren Kaplan,18226.99,USD,True,"{""$date"": ""2025-12-22T23:46:54.699000Z""}","{""$date"": ""2025-12-24T23:55:54.699000Z""}",manuel,Günlük Harcamalar
"{""$oid"": ""319c02645d69585eb0b93abe""}","{""$oid"": ""221464edf3305cf34d5a7ea5""}",Garanti Bankası,4434847523704444,Büşra Kılıç,5337.58,TRY,True,"{""$date"": ""2025-12-21T03:53:54.699000Z""}","{""$date"": ""2025-12-24T23:52:54.699000Z""}",openbanking,Biriktirme Hesabım
"{""$oid"": ""b008772df26dfd9860a9df45""}","{""$oid"": ""d280b2dd45d827f8d63fd5ae""}",Akbank,3831007212930136,Fatma Kaplan,14860.52,USD,True,"{""$date"": ""2025-12-19T06:08:54.699000Z""}","{""$date"": ""2025-12-24T23:49:54.699000Z""}",mock,Kredi Kartım
"{""$oid"": ""9859831fea827c2cb68858a6""}","{""$oid"": ""3bd85de641b4e96265d22b4c""}",İş Bankası,9125179360186089,Gizem Karaca,13286.62,TRY,True,"{""$date"": ""2025-12-24T08:01:54.699000Z""}","{""$date"": ""2025-12-24T23:46:54.699000Z""}",mock,Biriktirme Hesabım
"{""$oid"": ""6c07d488fd070de276c4e316""}","{""$oid"": ""ae4c003d3df6fde66bc24ad3""}",Garanti Bankası,4105622161128327,Kadir Erdoğan,14199.44,EUR,True,"{""$date"": ""2025-12-23T15:26:54.699000Z""}","{""$date"": ""2025-12-24T23:43:54.699000Z""}",mock,Fatura Hesabım
"{""$oid"": ""521e6624a467502340b5d097""}","{""$oid"": ""9c7c3e050403c718d9a6591d""}",Akbank,3685756962621499,Samet Kılıç,1508.92,EUR,True,"{""$date"": ""2025-12-23T20:04:54.699000Z""}","{""$date"": ""2025-12-24T23:40:54.699000Z""}",manuel,Günlük Harcamalar
"{""$oid"": ""2b21334792fd491cb57fa49b""}","{""$oid"": ""e109ae0a347a175d154ac989""}",İş Bankası,9805057724145559,Enes Yalçın,4538.13,USD,False,"{""$date"": ""2025-12-23T03:15:54.699000Z""}","{""$date"": ""2025-12-24T23:37:54.699000Z""}",mock,Biriktirme Hesabım
"{""$oid"": ""7c9d865b7d546ed7fef6265e""}","{""$oid"": ""91eefd03d7813b0de11a9ce0""}",Garanti Bankası,4885030242982455,Berk Çetin,16259.99,TRY,True,"{""$date"": ""2025-12-21T15:12:54.699000Z""}","{""$date"": ""2025-12-24T23:34:54.699000Z""}",mock,Banka Kartım
"{""$oid"": ""11e2e49485027e3d4bb77170""}","{""$oid"": ""d7d2508b23f665625f9bd0a2""}",Akbank,6500238331270702,Şule Güler,90.47,USD,True,"{""$date"": ""2025-12-21T23:04:54.699000Z""}","{""$date"": ""2025-12-24T23:31:54.699000Z""}",mock,Maaş Kartım
"{""$oid"": ""66665092c2ae5c628e9673ee""}","{""$oid"": ""896cfa7ed2b25783b526c7bc""}",İş Bankası,4638567353509332,Beyza Kaya,7344.91,TRY,True,"{""$date"": ""2025-12-23T13:31:54.699000Z""}","{""$date"": ""2025-12-24T23:28:54.699000Z""}",mock,Biriktirme Hesabım
"{""$oid"": ""ada066e2148ffeea832fa099""}","{""$oid"": ""ec602447306444bfd4ea9bc3""}",Garanti Bankası,8079943730760450,Hande Çelik,19824.23,TRY,True,"{""$date"": ""2025-12-21T07:09:54.699000Z""}","{""$date"": ""2025-12-24T23:25:54.699000Z""}",openbanking,Biriktirme Hesabım
"{""$oid"": ""b7d4f823fd03ef0eb2ee8818""}","{""$oid"": ""292afe7e48d0332c9c707980""}",Akbank,4057237445019555,Onur Güneş,15234.38,TRY,True,"{""$date"": ""2025-12-20T19:48:54.699000Z""}","{""$date"": ""2025-12-24T23:22:54.699000Z""}",openbanking,Banka Kartım
"{""$oid"": ""4c636ee8f462818688539467""}","{""$oid"": ""d07cbe2d6ebfb6f487d58acf""}",İş Bankası,5416499504535631,Bahar Güler,6781.31,EUR,True,"{""$date"": ""2025-12-19T19:04:54.699000Z""}","{""$date"": ""2025-12-24T23:19:54.699000Z""}",mock,Banka Kartım
"{""$oid"": ""07bc883759fedb811a6110a6""}","{""$oid"": ""36d4793df5d882092e92e511""}",Garanti Bankası,5893208147445173,Umut Güneş,328.1,TRY,True,"{""$date"": ""2025-12-19T09:56:54.699000Z""}","{""$date"": ""2025-12-24T23:16:54.699000Z""}",manuel,Günlük Harcamalar
"{""$oid"": ""6d44fb8a12c931bfa86b3023""}","{""$oid"": ""0001388848c73a89bc8d26e1""}",Akbank,4421218830513996,Furkan Güler,16464.47,USD,True,"{""$date"": ""2025-12-21T07:26:54.699000Z""}","{""$date"": ""2025-12-24T23:13:54.699000Z""}",openbanking,Kredi Kartım
"{""$oid"": ""070f1bb66cc742db01bb3565""}","{""$oid"": ""0370dac680b6f1d30e5fcaae""}",İş Bankası,2744180033127735,Orhan Aksoy,7748.15,USD,False,"{""$date"": ""2025-12-24T04:40:54.699000Z""}","{""$date"": ""2025-12-24T23:10:54.699000Z""}",openbanking,Kredi Kartım
"{""$oid"": ""247e66c2df73a32aa60042cb""}","{""$oid"": ""aae8373fd84d674569391012""}",Garanti Bankası,5345655344357311,Ceren Şahin,3974.99,USD,True,"{""$date"": ""2025-12-18T04:15:54.699000Z""}","{""$date"": ""2025-12-24T23:07:54.699000Z""}",openbanking,Biriktirme Hesabım
"{""$oid"": ""183eb3bfab2621a977305535""}","{""$oid"": ""426c8c8f2fc8dbb0b36c37b8""}",Akbank,4477943185144495,Gül Yavuz,16539.53,EUR,True,"{""$date"": ""2025-12-21T01:27:54.699000Z""}","{""$date"": ""2025-12-24T23:04:54.699000Z""}",manuel,Fatura Hesabım
"{""$oid"": ""56340605d209737c6f67d99f""}","{""$oid"": ""06eb6c35cd67adbd55693116""}",İş Bankası,7220185640285224,Gül Aslan,4601.92,TRY,True,"{""$date"": ""2025-12-20T14:29:54.699000Z""}","{""$date"": ""2025-12-24T23:01:54.699000Z""}",mock,Maaş Kartım
"{""$oid"": ""0dc46a0ddc7fa5448d8c5f3a""}","{""$oid"": ""f34b593996a74caee65c59ec""}",Garanti Bankası,9234519171324415,Kadir Kılıç,10302.95,USD,True,"{""$date"": ""2025-12-20T22:45:54.699000Z""}","{""$date"": ""2025-12-24T22:58:54.699000Z""}",openbanking,Günlük Harcamalar
"{""$oid"": ""a52a8f0a545c9205c3aeeabb""}","{""$oid"": ""54ea48d9d90b4f8133c7949b""}",Akbank,3552418011221435,Ali Uçar,10674.52,EUR,True,"{""$date"": ""2025-12-21T21:09:54.699000Z""}","{""$date"": ""2025-12-24T22:55:54.699000Z""}",openbanking,Günlük Harcamalar
"{""$oid"": ""60faa02d2e6c9ba6044f8f96""}","{""$oid"": ""e0591aa9db86dfd6f81dea3b""}",İş Bankası,5234253754550584,Burak Çelik,8376.19,EUR,True,"{""$date"": ""2025-12-21T05:05:54.699000Z""}","{""$date"": ""2025-12-24T22:52:54.699000Z""}",manuel,Biriktirme Hesabım
"{""$oid"": ""cd357a8f818b44a629aea69e""}","{""$oid"": ""da5eda6713c5e4d262a1f240""}",Garanti Bankası,3039506004681508,Batuhan Demir,1494.66,EUR,True,"{""$date"": ""2025-12-24T07:58:54.699000Z""}","{""$date"": ""2025-12-24T22:49:54.699000Z""}",mock,Maaş Kartım
"{""$oid"": ""0abfd5baae8c3720c9dad693""}","{""$oid"": ""017bf2ae3f0404cf29ccf048""}",Akbank,5821428606681514,Ömer Kaplan,19790.28,TRY,True,"{""$date"": ""2025-12-21T07:26:54.699000Z""}","{""$date"": ""2025-12-24T22:46:54.699000Z""}",manuel,Fatura Hesabım
"{""$oid"": ""d473ca41e1586ca95946062f""}","{""$oid"": ""90b84a284efdf5f361bb5f00""}",İş Bankası,4131236043525200,Tolga Koç,12879.32,USD,True,"{""$date"": ""2025-12-20T19:09:54.699000Z""}","{""$date"": ""2025-12-24T22:43:54.699000Z""}",mock,Banka Kartım
"{""$oid"": ""5da072318735ed9b21099246""}","{""$oid"": ""2ae21608990ca8725e23830a""}",Garanti Bankası,1361017739365366,Tuğba Avcı,10657.19,TRY,True,"{""$date"": ""2025-12-19T15:54:54.699000Z""}","{""$date"": ""2025-12-24T22:40:54.699000Z""}",mock,Günlük Harcamalar
"{""$oid"": ""c6c5cefe98fb6f56b7fd3075""}","{""$oid"": ""dfd05de1212b9b197a954d73""}",Akbank,8552460550508310,Elif Öztürk,9839.7,EUR,True,"{""$date"": ""2025-12-22T12:55:54.699000Z""}","{""$date"": ""2025-12-24T22:37:54.699000Z""}",openbanking,Fatura Hesabım
"{""$oid"": ""d6fc6693491bb4acd9229c51""}","{""$oid"": ""1ac8e9af6c435b630db51495""}",İş Bankası,4208512619046810,Merve Avcı,4986.78,TRY,True,"{""$date"": ""2025-12-21T09:01:54.699000Z""}","{""$date"": ""2025-12-24T22:34:54.699000Z""}",manuel,Banka Kartım
"{""$oid"": ""da773948a2c4486d48c6b39b""}","{""$oid"": ""5e2eb3b69878b03354f82960""}",Garanti Bankası,2742193825368554,Ali Tekin,18191.27,TRY,True,"{""$date"": ""2025-12-20T03:59:54.699000Z""}","{""$date"": ""2025-12-24T22:31:54.699000Z""}",openbanking,Günlük Harcamalar
"{""$oid"": ""3265f08b45d075465743fa83""}","{""$oid"": ""c970305faaf820db7df8c09f""}",Akbank,3804068718072511,Emre Demir,11678.42,TRY,True,"{""$date"": ""2025-12-19T12:08:54.699000Z""}","{""$date"": ""2025-12-24T22:28:54.699000Z""}",openbanking,Banka Kartım
"{""$oid"": ""61deeb75d67a645a245fa6a1""}","{""$oid"": ""44fde454fb7a712f19f94b83""}",İş Bankası,5988182291342417,Esra Özdemir,2641.09,USD,True,"{""$date"": ""2025-12-20T22:17:54.699000Z""}","{""$date"": ""2025-12-24T22:25:54.699000Z""}",mock,Maaş Kartım
"{""$oid"": ""c129f1e59dd8eda94fd08ba0""}","{""$oid"": ""db550a334fa5528649913437""}",Garanti Bankası,4439449508330607,Sümeyye Yavuz,13940.26,USD,True,"{""$date"": ""2025-12-24T20:59:54.699000Z""}","{""$date"": ""2025-12-24T22:22:54.699000Z""}",mock,Banka Kartım
"{""$oid"": ""e3e500ddd65d45d78bfa4404""}","{""$oid"": ""0d15054f3b4af699b1c0603c""}",Akbank,9632570099354321,Arda Kurt,15100.43,USD,True,"{""$date"": ""2025-12-24T02:41:54.699000Z""}","{""$date"": ""2025-12-24T22:19:54.699000Z""}",openbanking,Maaş Kartım
"{""$oid"": ""c0d7bb2e3712773aee675fd1""}","{""$oid"": ""a86e236d6d582456067fd225""}",İş Bankası,2966949756760103,Oğuz Şahin,6743.31,USD,True,"{""$date"": ""2025-12-22T06:57:54.699000Z""}","{""$date"": ""2025-12-24T22:16:54.699000Z""}",openbanking,Fatura Hesabım
"{""$oid"": ""d7c659202262eb871edba5f6""}","{""$oid"": ""87f1f5f040df74ed242c47c6""}",Garanti Bankası,2124224751027223,Aylin Güneş,12839.49,EUR,True,"{""$date"": ""2025-12-20T18:13:54.699000Z""}","{""$date"": ""2025-12-24T22:13:54.699000Z""}",openbanking,Kredi Kartım
"{""$oid"": ""079ea22a3471905392c7d52c""}","{""$oid"": ""8aa3c914a0b94a47b2f65103""}",Akbank,6370036356224452,Kadir Bulut,10943.88,USD,True,"{""$date"": ""2025-12-20T02:42:54.699000Z""}","{""$date"": ""2025-12-24T22:10:54.699000Z""}",openbanking,Fatura Hesabım
"{""$oid"": ""74ae9456c269e940604d7dfd""}","{""$oid"": ""0c916301de2484846800c3b5""}",İş Bankası,6138487397600182,Esra Koç,8451.87,USD,True,"{""$date"": ""2025-12-22T20:00:54.699000Z""}","{""$date"": ""2025-12-24T22:07:54.699000Z""}",manuel,Maaş Kartım
"{""$oid"": ""197258d1d8c4aec68571342b""}","{""$oid"": ""0de88e6b73a2331c15626204""}",Garanti Bankası,1193755971053635,Deniz Yıldız,16371.88,USD,False,"{""$date"": ""2025-12-18T20:24:54.699000Z""}","{""$date"": ""2025-12-24T22:04:54.699000Z""}",openbanking,Banka Kartım
"{""$oid"": ""36bc19cbc9514fc90a7201fc""}","{""$oid"": ""9ac19681c61f40aaa63d8082""}",Akbank,2522300175150366,Ceren Keskin,11693.21,TRY,True,"{""$date"": ""2025-12-21T21:22:54.699000Z""}","{""$date"": ""2025-12-24T22:01:54.699000Z""}",openbanking,Fatura Hesabım
"{""$oid"": ""e7e16128582d202996fa6f9a""}","{""$oid"": ""64c72857f4de03894ccd35d8""}",İş Bankası,7736181794782542,Bahar Yıldız,16491.11,EUR,True,"{""$date"": ""2025-12-24T16:41:54.699000Z""}","{""$date"": ""2025-12-24T21:58:54.699000Z""}",openbanking,Kredi Kartım
"{""$oid"": ""add899130b89a31650c91afb""}","{""$oid"": ""80d9a608496cab154b22286d""}",Garanti Bankası,6125021283498598,Hande Erdem,16768.72,TRY,True,"{""$date"": ""2025-12-19T07:45:54.699000Z""}","{""$date"": ""2025-12-24T21:55:54.699000Z""}",manuel,Günlük Harcamalar
"{""$oid"": ""83739cb70368162a348e8ae6""}","{""$oid"": ""18dc9e80d4f7459c743922db""}",Akbank,4321423020597538,Eren Yıldız,1626.95,USD,True,"{""$date"": ""2025-12-23T22:09:54.699000Z""}","{""$date"": ""2025-12-24T21:52:54.699000Z""}",mock,Günlük Harcamalar
"{""$oid"": ""e47340a1e620f9533baec49c""}","{""$oid"": ""fc8fa5ee2df6c07da7f39953""}",İş Bankası,4725136617101040,Fatma Şimşek,8071.7,USD,True,"{""$date"": ""2025-12-24T12:32:54.699000Z""}","{""$date"": ""2025-12-24T21:49:54.699000Z""}",manuel,Maaş Kartım
"{""$oid"": ""b445bd21713fb30185df8003""}","{""$oid"": ""c10c92fdb21a4596eaaf15db""}",Garanti Bankası,3425250106883424,Süleyman Öztürk,5230.84,USD,True,"{""$date"": ""2025-12-21T03:54:54.699000Z""}","{""$date"": ""2025-12-24T21:46:54.699000Z""}",manuel,Maaş Kartım
"{""$oid"": ""b67d882419d7714fd84dbaba""}","{""$oid"": ""4107eb402f6ec92253540a81""}",Akbank,3695159446140116,Derya Yıldız,13032.91,TRY,True,"{""$date"": ""2025-12-24T17:49:54.699000Z""}","{""$date"": ""2025-12-24T21:43:54.699000Z""}",mock,Günlük Harcamalar
"{""$oid"": ""f33886f14cd154e214531e83""}","{""$oid"": ""de2bcf9a6c467c47d7a2ef61""}",İş Bankası,2912722131361715,Nazlı Aydın,7471.66,USD,False,"{""$date"": ""2025-12-22T04:35:54.699000Z""}","{""$date"": ""2025-12-24T21:40:54.699000Z""}",manuel,Maaş Kartım
"{""$oid"": ""8c28ec056c0cd2fa730addd8""}","{""$oid"": ""dbf39b26b3ee2f6e93300762""}",Garanti Bankası,7230271591224098,Tuğba Karaca,2769.09,EUR,True,"{""$date"": ""2025-12-22T16:52:54.699000Z""}","{""$date"": ""2025-12-24T21:37:54.699000Z""}",manuel,Banka Kartım
"{""$oid"": ""7a268b123b10740e2468ebbc""}","{""$oid"": ""6201c4fb8d057f1799edda4b""}",Akbank,4436750637145147,Onur Yalçın,1323.96,USD,True,"{""$date"": ""2025-12-24T17:06:54.699000Z""}","{""$date"": ""2025-12-24T21:34:54.699000Z""}",openbanking,Maaş Kartım
"{""$oid"": ""4c7e5cb6c386939d38cd5a28""}","{""$oid"": ""398e689cc43790882a89f06e""}",İş Bankası,7371115659128062,Batuhan Karaca,13592.89,USD,True,"{""$date"": ""2025-12-24T19:45:54.699000Z""}","{""$date"": ""2025-12-24T21:31:54.699000Z""}",openbanking,Maaş Kartım
"{""$oid"": ""5abbbc167eca9aca0f462412""}","{""$oid"": ""5b534baf6cd728c89c70cae5""}",Garanti Bankası,3684845983326524,Hakan Kurt,17552.73,TRY,True,"{""$date"": ""2025-12-19T12:45:54.699000Z""}","{""$date"": ""2025-12-24T21:28:54.699000Z""}",mock,Günlük Harcamalar
"{""$oid"": ""15412a3571ca52891d5fe6b9""}","{""$oid"": ""6a65ee971e564e19e0c02b3d""}",Akbank,1245713302962237,Can Bulut,11628.35,EUR,True,"{""$date"": ""2025-12-24T16:47:54.699000Z""}","{""$date"": ""2025-12-24T21:25:54.699000Z""}",openbanking,Maaş Kartım
"{""$oid"": ""3aa0aa3a4c38661d941456c8""}","{""$oid"": ""4b86ebdff8953602ab2e6b4a""}",İş Bankası,6037850090370514,Yusuf Uçar,16495.38,EUR,True,"{""$date"": ""2025-12-23T18:37:54.699000Z""}","{""$date"": ""2025-12-24T21:22:54.699000Z""}",mock,Biriktirme Hesabım
"{""$oid"": ""3c08d26d421dac8dd48f9c64""}","{""$oid"": ""ef7e33fba410b2048dcfd06d""}",Garanti Bankası,2111535725513020,Beyza Özdemir,18699.54,USD,True,"{""$date"": ""2025-12-23T05:21:54.699000Z""}","{""$date"": ""2025-12-24T21:19:54.699000Z""}",mock,Kredi Kartım
"{""$oid"": ""991a2c2b98811e258760f92e""}","{""$oid"": ""3453b2417e10989f8bf2e06a""}",Akbank,4360211544184224,Ayşe Uçar,10863.01,USD,False,"{""$date"": ""2025-12-22T22:23:54.699000Z""}","{""$date"": ""2025-12-24T21:16:54.699000Z""}",mock,Biriktirme Hesabım
"{""$oid"": ""90533974bd6b6bb2666de51c""}","{""$oid"": ""565d70edfb389535c545b073""}",İş Bankası,8655663358735085,Beyza Kurt,7666.74,EUR,True,"{""$date"": ""2025-12-23T12:11:54.699000Z""}","{""$date"": ""2025-12-24T21:13:54.699000Z""}",manuel,Banka Kartım
"{""$oid"": ""c17bc74deef0ce03034918ac""}","{""$oid"": ""9c352bd52d0a3be05cbeb45c""}",Garanti Bankası,4717576734551081,Özge Şimşek,3611.35,TRY,True,"{""$date"": ""2025-12-21T02:20:54.699000Z""}","{""$date"": ""2025-12-24T21:10:54.699000Z""}",manuel,Maaş Kartım
"{""$oid"": ""49690055a8d409d55e91ffef""}","{""$oid"": ""ec42c3b2f1af27aeacaf87c6""}",Akbank,4057522431397242,Eren Tekin,17431.57,USD,True,"{""$date"": ""2025-12-22T00:47:54.699000Z""}","{""$date"": ""2025-12-24T21:07:54.699000Z""}",openbanking,Fatura Hesabım
"{""$oid"": ""ae767721cf88de1c260ad870""}","{""$oid"": ""eba447c97c67a0c900cbd378""}",İş Bankası,3412081955001140,Orhan Güneş,7077.08,TRY,True,"{""$date"": ""2025-12-21T18:10:54.699000Z""}","{""$date"": ""2025-12-24T21:04:54.699000Z""}",mock,Maaş Kartım
"{""$oid"": ""372c1639f382d0f8ee24088b""}","{""$oid"": ""1ea60e24254e512ad1d98f0f""}",Garanti Bankası,4100728146362755,Hülya Özdemir,3081.74,TRY,True,"{""$date"": ""2025-12-18T16:37:54.699000Z""}","{""$date"": ""2025-12-24T21:01:54.699000Z""}",openbanking,Maaş Kartım
"{""$oid"": ""d6053d66377919555381993a""}","{""$oid"": ""71c1d758f44913363104af05""}",Akbank,1481313494497332,Sümeyye Kılıç,16356.53,EUR,True,"{""$date"": ""2025-12-24T09:04:54.699000Z""}","{""$date"": ""2025-12-24T20:58:54.699000Z""}",openbanking,Maaş Kartım
"{""$oid"": ""b0e9a445b29162480688b015""}","{""$oid"": ""4e615750e88a7055219dc83a""}",İş Bankası,2907671053853156,Özge Yalçın,4155.04,USD,True,"{""$date"": ""2025-12-21T03:55:54.699000Z""}","{""$date"": ""2025-12-24T20:55:54.699000Z""}",mock,Banka Kartım
"{""$oid"": ""6a1552b28c0738600814996b""}","{""$oid"": ""560b1e0c63b828d56be6856d""}",Garanti Bankası,2510456597723240,Özge Toprak,3112.67,EUR,True,"{""$date"": ""2025-12-24T13:39:54.699000Z""}","{""$date"": ""2025-12-24T20:52:54.699000Z""}",manuel,Fatura Hesabım
"{""$oid"": ""97621a34d8f39ebcafe33aaa""}","{""$oid"": ""3e1e1fa13b5adfb3a41bce2a""}",Akbank,1647258043414452,Barış Koç,540.04,TRY,True,"{""$date"": ""2025-12-23T06:42:54.699000Z""}","{""$date"": ""2025-12-24T20:49:54.699000Z""}",openbanking,Fatura Hesabım
"{""$oid"": ""77ded2e0ab5b7ce3788cd3eb""}","{""$oid"": ""7eae0c70172c2315c2005dff""}",İş Bankası,3000063570150954,Tuğba Aydın,14461.44,TRY,True,"{""$date"": ""2025-12-20T11:55:54.699000Z""}","{""$date"": ""2025-12-24T20:46:54.699000Z""}",manuel,Günlük Harcamalar
"{""$oid"": ""172db452e11cef4baed3df8b""}","{""$oid"": ""58b251c359c4fbb76f5e6443""}",Garanti Bankası,1409165351950652,Gamze Keskin,5496.21,EUR,True,"{""$date"": ""2025-12-18T04:29:54.699000Z""}","{""$date"": ""2025-12-24T20:43:54.699000Z""}",mock,Banka Kartım
"{""$oid"": ""23f0d15187ce1e03cf07b19c""}","{""$oid"": ""b62b6d1621aed81b5ef9b711""}",Akbank,4639516959776110,Melis Yavuz,10147.84,USD,True,"{""$date"": ""2025-12-18T20:44:54.699000Z""}","{""$date"": ""2025-12-24T20:40:54.699000Z""}",mock,Biriktirme Hesabım
"{""$oid"": ""8807e6fe502ddbc75370b974""}","{""$oid"": ""030e6e0b656e969bc0906be5""}",İş Bankası,1841710804921556,Sercan Uçar,13030.56,USD,True,"{""$date"": ""2025-12-21T05:23:54.699000Z""}","{""$date"": ""2025-12-24T20:37:54.699000Z""}",manuel,Banka Kartım
"{""$oid"": ""34d875048c62b69da96539a4""}","{""$oid"": ""395cc973064f095e52ab4471""}",Garanti Bankası,2506457264492535,Ayşe Güneş,9289.36,USD,True,"{""$date"": ""2025-12-22T09:31:54.699000Z""}","{""$date"": ""2025-12-24T20:34:54.699000Z""}",mock,Maaş Kartım
"{""$oid"": ""b2a13ae830b5d27b8ba96ba4""}","{""$oid"": ""a3d713a7af305efccf312c58""}",Akbank,5417165852624484,Furkan Kaplan,13732.32,TRY,True,"{""$date"": ""2025-12-20T11:10:54.699000Z""}","{""$date"": ""2025-12-24T20:31:54.699000Z""}",manuel,Kredi Kartım
"{""$oid"": ""10e9b4d1f1eb3413e7833e10""}","{""$oid"": ""b4b5b1e37a599c1d6e0f5c7e""}",İş Bankası,4210730305114415,Şule Kaya,19954.52,USD,True,"{""$date"": ""2025-12-20T10:04:54.699000Z""}","{""$date"": ""2025-12-24T20:28:54.699000Z""}",mock,Maaş Kartım
"{""$oid"": ""08b808ae474d9d1246053aa3""}","{""$oid"": ""dcd9b5f1415b272404765622""}",Garanti Bankası,9840150218011725,Rabia Yıldız,10383.06,TRY,True,"{""$date"": ""2025-12-20T20:11:54.699000Z""}","{""$date"": ""2025-12-24T20:25:54.699000Z""}",openbanking,Kredi Kartım
"{""$oid"": ""f6e91dbf5839ce08c28a02e9""}","{""$oid"": ""d10e83240d479173cf7eff86""}",Akbank,4853480244373009,Beyza Polat,19912.44,TRY,True,"{""$date"": ""2025-12-21T01:16:54.699000Z""}","{""$date"": ""2025-12-24T20:22:54.699000Z""}",manuel,Günlük Harcamalar
"{""$oid"": ""94d215bd8d16818f13636c6e""}","{""$oid"": ""ef536d38ded46204361b8247""}",İş Bankası,9442411424829314,Samet Erdoğan,8292.58,USD,True,"{""$date"": ""2025-12-18T02:54:54.699000Z""}","{""$date"": ""2025-12-24T20:19:54.699000Z""}",manuel,Fatura Hesabım
"{""$oid"": ""b0c2a763734d550dd36d6cbc""}","{""$oid"": ""4ef1d93732e689dd2d4d7d2a""}",Garanti Bankası,2405235851498831,Burak Güler,11232.78,USD,True,"{""$date"": ""2025-12-18T01:51:54.699000Z""}","{""$date"": ""2025-12-24T20:16:54.699000Z""}",openbanking,Banka Kartım
"{""$oid"": ""bcff6e4fc1080faadc6f4172""}","{""$oid"": ""66d27677c70e1a4d43cebd5d""}",Akbank,3731052032562903,Arda Güler,19516.68,EUR,True,"{""$date"": ""2025-12-21T12:34:54.699000Z""}","{""$date"": ""2025-12-24T20:13:54.699000Z""}",mock,Banka Kartım
"{""$oid"": ""d7efb736689d00ffed6f67b9""}","{""$oid"": ""75112c6dd35a0db2f5d8c512""}",İş Bankası,5015054247300994,Batuhan Ekinci,14846.85,USD,True,"{""$date"": ""2025-12-21T03:58:54.699000Z""}","{""$date"": ""2025-12-24T20:10:54.699000Z""}",mock,Günlük Harcamalar
"{""$oid"": ""e9c57468a4ff1ad60a212d7c""}","{""$oid"": ""1dca75cf82ceb498371147dc""}",Garanti Bankası,4965024122312833,Gamze Çelik,14135.46,TRY,False,"{""$date"": ""2025-12-19T03:22:54.699000Z""}","{""$date"": ""2025-12-24T20:07:54.699000Z""}",manuel,Banka Kartım
"{""$oid"": ""ecbcaccbf8b85433afde5928""}","{""$oid"": ""ca20c013fb6501d44ed50aac""}",Akbank,5522133641610344,Cem Uçar,15439.17,EUR,True,"{""$date"": ""2025-12-23T01:22:54.699000Z""}","{""$date"": ""2025-12-24T20:04:54.699000Z""}",manuel,Maaş Kartım
"{""$oid"": ""6f46a85cf56040a17da1eb9b""}","{""$oid"": ""2f0705e7601f548b8be20a8d""}",İş Bankası,3661416924531954,Emre Demir,9994.03,TRY,True,"{""$date"": ""2025-12-23T13:11:54.699000Z""}","{""$date"": ""2025-12-24T20:01:54.699000Z""}",openbanking,Biriktirme Hesabım
"{""$oid"": ""2c50a7615773007f5b256cac""}","{""$oid"": ""7491f0b431e466076f93ce3d""}",Garanti Bankası,1050205653846904,Merve Demir,11544.8,USD,True,"{""$date"": ""2025-12-22T05:37:54.699000Z""}","{""$date"": ""2025-12-24T19:58:54.699000Z""}",openbanking,Maaş Kartım
"{""$oid"": ""aa07e3063dbf1b5eb7fa67b0""}","{""$oid"": ""db9b05fde7b0262683aabc6c""}",Akbank,4432604572324411,Ömer Doğan,12815.3,EUR,True,"{""$date"": ""2025-12-19T10:54:54.699000Z""}","{""$date"": ""2025-12-24T19:55:54.699000Z""}",openbanking,Maaş Kartım
"{""$oid"": ""927e0b7c5882bf050573f32a""}","{""$oid"": ""0eff0798420a0da1dc37280d""}",İş Bankası,4060105215228249,Melis Şahin,18255.98,USD,True,"{""$date"": ""2025-12-23T03:16:54.699000Z""}","{""$date"": ""2025-12-24T19:52:54.699000Z""}",openbanking,Maaş Kartım
"{""$oid"": ""5ea7568adbfa9131f797bbb6""}","{""$oid"": ""a1d6821e5b054b2617b0f72f""}",Garanti Bankası,3637420315433326,Oğuz Özdemir,15811.47,EUR,True,"{""$date"": ""2025-12-24T18:31:54.699000Z""}","{""$date"": ""2025-12-24T19:49:54.699000Z""}",mock,Günlük Harcamalar
"{""$oid"": ""c7d1d89541564177ac91f904""}","{""$oid"": ""dad139f5f7de5046526a7b75""}",Akbank,4549591861450485,Gizem Yavuz,18414.8,USD,True,"{""$date"": ""2025-12-24T08:30:54.699000Z""}","{""$date"": ""2025-12-24T19:46:54.699000Z""}",mock,Banka Kartım
"{""$oid"": ""f3c7cc6712d9d50dece0b1dc""}","{""$oid"": ""d23a67d9e45f27d643b300e8""}",İş Bankası,1898240533301134,Ayşe Çetin,286.48,USD,True,"{""$date"": ""2025-12-18T21:03:54.699000Z""}","{""$date"": ""2025-12-24T19:43:54.699000Z""}",manuel,Kredi Kartım
"{""$oid"": ""5b44dedbc1ef9ccb87513c7a""}","{""$oid"": ""03417abafb31686758ac3c6c""}",Garanti Bankası,4360101192110373,Batuhan Kaya,1299.05,USD,True,"{""$date"": ""2025-12-23T22:02:54.699000Z""}","{""$date"": ""2025-12-24T19:40:54.699000Z""}",mock,Banka Kartım
"{""$oid"": ""ed4f276d68034328d744b0b6""}","{""$oid"": ""63d03b567622646cff46aa01""}",Akbank,8054523568354613,Oğuz Kaya,6714.58,TRY,True,"{""$date"": ""2025-12-17T20:21:54.699000Z""}","{""$date"": ""2025-12-24T19:37:54.699000Z""}",mock,Günlük Harcamalar
"{""$oid"": ""ecb722c8f077af6828ed9fb2""}","{""$oid"": ""8bba129a76e3093dad11941e""}",İş Bankası,8208941379291094,Esra Bozkurt,18687.92,USD,True,"{""$date"": ""2025-12-19T17:17:54.699000Z""}","{""$date"": ""2025-12-24T19:34:54.699000Z""}",mock,Biriktirme Hesabım
"{""$oid"": ""269b722bc13499d0924fd995""}","{""$oid"": ""3b1881558dfbcb861a394fe1""}",Garanti Bankası,4054594469724791,Ahmet Keskin,5268.52,USD,True,"{""$date"": ""2025-12-23T20:52:54.699000Z""}","{""$date"": ""2025-12-24T19:31:54.699000Z""}",manuel,Fatura Hesabım
"{""$oid"": ""e728d9181156267769c02144""}","{""$oid"": ""72319c93225f3f0ae9e05f44""}",Akbank,1269674229591043,Cem Kaya,11340.35,USD,True,"{""$date"": ""2025-12-19T03:46:54.699000Z""}","{""$date"": ""2025-12-24T19:28:54.699000Z""}",openbanking,Kredi Kartım
"{""$oid"": ""b998b6013d649ac51a202a1f""}","{""$oid"": ""045228d11d74c6f92bebd85a""}",İş Bankası,3715376003177313,Batuhan Öztürk,918.28,USD,True,"{""$date"": ""2025-12-22T08:54:54.699000Z""}","{""$date"": ""2025-12-24T19:25:54.699000Z""}",mock,Banka Kartım
"{""$oid"": ""055ecf6990643d5897387b6b""}","{""$oid"": ""4380c301f0efee07b9faf0e7""}",Garanti Bankası,3167044315165505,Esra Demir,19349.92,EUR,True,"{""$date"": ""2025-12-24T06:32:54.699000Z""}","{""$date"": ""2025-12-24T19:22:54.699000Z""}",mock,Biriktirme Hesabım
"{""$oid"": ""79c6b47a3886e2b84618da2e""}","{""$oid"": ""a1ca60b4bf21944db35e52b1""}",Akbank,7112524041350294,Onur Özcan,14506.79,TRY,True,"{""$date"": ""2025-12-19T23:53:54.699000Z""}","{""$date"": ""2025-12-24T19:19:54.699000Z""}",openbanking,Fatura Hesabım
"{""$oid"": ""b081396ccb8329794a4a29f5""}","{""$oid"": ""24052913a013d49519446516""}",İş Bankası,5368241425793465,Ebru Aksoy,12950.28,EUR,True,"{""$date"": ""2025-12-18T21:40:54.699000Z""}","{""$date"": ""2025-12-24T19:16:54.699000Z""}",mock,Günlük Harcamalar
"{""$oid"": ""29adb730d2496882268464d1""}","{""$oid"": ""909c8724416f6d9384d2eedd""}",Garanti Bankası,3765104083148721,Beyza Çelik,6169.83,TRY,True,"{""$date"": ""2025-12-19T18:36:54.699000Z""}","{""$date"": ""2025-12-24T19:13:54.699000Z""}",mock,Günlük Harcamalar
"{""$oid"": ""c0711b679d967eb1ab0e67d5""}","{""$oid"": ""c0f934ef5e3efc864e9770ba""}",Akbank,3330150227124415,Taha Yılmaz,18295.67,USD,True,"{""$date"": ""2025-12-22T08:35:54.699000Z""}","{""$date"": ""2025-12-24T19:10:54.699000Z""}",openbanking,Biriktirme Hesabım
"{""$oid"": ""b1e355a8d143ddbac59bfdf8""}","{""$oid"": ""8ba3d9e8c4722bbb555cd833""}",İş Bankası,3511035281024801,Tolga Koç,13502.65,EUR,True,"{""$date"": ""2025-12-22T19:45:54.699000Z""}","{""$date"": ""2025-12-24T19:07:54.699000Z""}",openbanking,Biriktirme Hesabım
"{""$oid"": ""73c55fca59e8642725e07404""}","{""$oid"": ""8f5da17351d8853d1771b5e2""}",Garanti Bankası,4281695255151736,Şeyma Taş,16393.99,USD,True,"{""$date"": ""2025-12-24T00:55:54.699000Z""}","{""$date"": ""2025-12-24T19:04:54.699000Z""}",mock,Maaş Kartım
"{""$oid"": ""cc2e4bd74eb1ab25be8f0d5a""}","{""$oid"": ""87a47f8143abd411c100ae5e""}",Akbank,1782911732413121,Recep Kılıç,8234.91,EUR,True,"{""$date"": ""2025-12-17T20:03:54.699000Z""}","{""$date"": ""2025-12-24T19:01:54.699000Z""}",manuel,Günlük Harcamalar
"{""$oid"": ""8ff52ef2bf3d46fd336be94f""}","{""$oid"": ""4616aec9f7ecbc06edf6de29""}",İş Bankası,4291190838419360,Gamze Aydın,4513.45,USD,True,"{""$date"": ""2025-12-20T17:47:54.699000Z""}","{""$date"": ""2025-12-24T18:58:54.699000Z""}",openbanking,Kredi Kartım
"{""$oid"": ""2c6728d21c688c5e86e6df69""}","{""$oid"": ""a7efa29b85f3b13bea969d4c""}",Garanti Bankası,4435204159874253,Burak Polat,11998.52,USD,False,"{""$date"": ""2025-12-17T20:49:54.699000Z""}","{""$date"": ""2025-12-24T18:55:54.699000Z""}",mock,Biriktirme Hesabım
"{""$oid"": ""335395fcf274d5947fd3265a""}","{""$oid"": ""bc6d892adab9bf09fc155ce9""}",Akbank,4240017012017290,Taha Tekin,5139.52,TRY,False,"{""$date"": ""2025-12-21T23:57:54.699000Z""}","{""$date"": ""2025-12-24T18:52:54.699000Z""}",manuel,Biriktirme Hesabım
"{""$oid"": ""dd40f7804c0ec53d07edb4b5""}","{""$oid"": ""cc529239e7420650631fdbc3""}",İş Bankası,9238255028003050,Kübra Şimşek,15029.05,TRY,True,"{""$date"": ""2025-12-18T08:18:54.699000Z""}","{""$date"": ""2025-12-24T18:49:54.699000Z""}",mock,Fatura Hesabım
"{""$oid"": ""c28c042343a9bc955a7434b5""}","{""$oid"": ""f937afb03d65bf479e3314e9""}",Garanti Bankası,4035104455564515,Berk Çetin,17178.2,EUR,True,"{""$date"": ""2025-12-18T04:05:54.699000Z""}","{""$date"": ""2025-12-24T18:46:54.699000Z""}",manuel,Biriktirme Hesabım
"{""$oid"": ""d4c8b1ecd7df6ae3e6856132""}","{""$oid"": ""1ba7ae457b29aae842ff0ca7""}",Akbank,4108353755904662,Sümeyye Sarı,17186.28,USD,True,"{""$date"": ""2025-12-21T03:56:54.699000Z""}","{""$date"": ""2025-12-24T18:43:54.699000Z""}",mock,Günlük Harcamalar
"{""$oid"": ""654efb265e96acdf2f00e026""}","{""$oid"": ""d9d43e7bea63f1b6360efc86""}",İş Bankası,2721524003307090,Ceren Yalçın,10220.78,EUR,True,"{""$date"": ""2025-12-21T15:15:54.699000Z""}","{""$date"": ""2025-12-24T18:40:54.699000Z""}",manuel,Kredi Kartım
"{""$oid"": ""5f9b0ff3d3e7560e586cf46d""}","{""$oid"": ""34a25da675ae4786278a5c6f""}",Garanti Bankası,4934046353105027,Beyza Arslan,11823.2,TRY,True,"{""$date"": ""2025-12-23T01:39:54.699000Z""}","{""$date"": ""2025-12-24T18:37:54.699000Z""}",manuel,Banka Kartım
"{""$oid"": ""bc4af234db1c865bb5dba060""}","{""$oid"": ""8adf9cb7606948485e34f873""}",Akbank,3121300553604840,Nazlı Şahin,10985.84,EUR,True,"{""$date"": ""2025-12-18T06:26:54.699000Z""}","{""$date"": ""2025-12-24T18:34:54.699000Z""}",mock,Banka Kartım
"{""$oid"": ""a62cb91c34aa27a2ea5bd47d""}","{""$oid"": ""80b092b653690a1b0941f5d9""}",İş Bankası,4558344352191041,Melis Bayram,3692.98,EUR,False,"{""$date"": ""2025-12-18T02:36:54.699000Z""}","{""$date"": ""2025-12-24T18:31:54.699000Z""}",mock,Kredi Kartım
"{""$oid"": ""23872bbcaf1a2939f85ffd6f""}","{""$oid"": ""33a7fa2069b3f44553bd4729""}",Garanti Bankası,4010751099543731,Aslı Toprak,8814.0,USD,True,"{""$date"": ""2025-12-20T02:46:54.699000Z""}","{""$date"": ""2025-12-24T18:28:54.699000Z""}",manuel,Kredi Kartım
"{""$oid"": ""99d953b426654fdd8681437b""}","{""$oid"": ""281c0b39b799e091444f6181""}",Akbank,4458890118199152,Gökhan Şimşek,3609.97,TRY,True,"{""$date"": ""2025-12-18T11:12:54.699000Z""}","{""$date"": ""2025-12-24T18:25:54.699000Z""}",openbanking,Kredi Kartım
"{""$oid"": ""b326eb1064cdd5b51d3c8cf5""}","{""$oid"": ""f38f6eb23c77888777226fc9""}",İş Bankası,3023912200571371,Bahar Erdem,3984.07,TRY,True,"{""$date"": ""2025-12-19T14:53:54.699000Z""}","{""$date"": ""2025-12-24T18:22:54.699000Z""}",manuel,Banka Kartım
"{""$oid"": ""10d94796b7f2220c797bbadc""}","{""$oid"": ""69ed66e8cc71b987bde1a4d9""}",Garanti Bankası,5130032310745037,Nisa Arslan,19290.51,EUR,True,"{""$date"": ""2025-12-24T03:46:54.699000Z""}","{""$date"": ""2025-12-24T18:19:54.699000Z""}",manuel,Kredi Kartım
"{""$oid"": ""3315857984a8ac70a448b729""}","{""$oid"": ""0e0ccab0e0305f872a3aa6ca""}",Akbank,1851624856257243,Yağmur Yalçın,16712.79,EUR,True,"{""$date"": ""2025-12-18T15:56:54.699000Z""}","{""$date"": ""2025-12-24T18:16:54.699000Z""}",manuel,Kredi Kartım
"{""$oid"": ""904e5d3ba6cd7d1485d7d8b3""}","{""$oid"": ""fc909e037704baa8686430c8""}",İş Bankası,1213284435705911,Serkan Demir,8402.8,EUR,False,"{""$date"": ""2025-12-23T02:36:54.699000Z""}","{""$date"": ""2025-12-24T18:13:54.699000Z""}",openbanking,Fatura Hesabım
"{""$oid"": ""a7435ffb6094d8f24ab21b04""}","{""$oid"": ""73e9c64243699b021d9db9f2""}",Garanti Bankası,4283122745186110,Mehmet Yalçın,4072.6,TRY,True,"{""$date"": ""2025-12-18T22:16:54.699000Z""}","{""$date"": ""2025-12-24T18:10:54.699000Z""}",mock,Biriktirme Hesabım
"{""$oid"": ""048b16a4d6557c8709b0ada9""}","{""$oid"": ""23e22c1c5268b686437d1eac""}",Akbank,5312130535535323,Barış Aksoy,18415.22,TRY,True,"{""$date"": ""2025-12-24T18:02:54.699000Z""}","{""$date"": ""2025-12-24T18:07:54.699000Z""}",mock,Banka Kartım
"{""$oid"": ""92d92bee809cd0d78306b37c""}","{""$oid"": ""074a69243b2dace8bf90af3a""}",İş Bankası,4258110350356463,Samet Koç,925.42,USD,True,"{""$date"": ""2025-12-21T20:34:54.699000Z""}","{""$date"": ""2025-12-24T18:04:54.699000Z""}",mock,Biriktirme Hesabım
"{""$oid"": ""250958b73547405f5d191e2e""}","{""$oid"": ""89d5500d757a0ab49b007217""}",Garanti Bankası,5160552377425430,Emre Toprak,18095.46,EUR,True,"{""$date"": ""2025-12-24T17:22:54.699000Z""}","{""$date"": ""2025-12-24T18:01:54.699000Z""}",manuel,Günlük Harcamalar
"{""$oid"": ""0d2746b872d0a0036b0ad8a3""}","{""$oid"": ""d4d7a39c0a583df2a0b83c63""}",Akbank,2775532232029975,Arda Erdoğan,18088.43,USD,True,"{""$date"": ""2025-12-22T05:21:54.699000Z""}","{""$date"": ""2025-12-24T17:58:54.699000Z""}",openbanking,Fatura Hesabım
"{""$oid"": ""44a7058173269f6a453e07f0""}","{""$oid"": ""205394db9d171ebc1b2b14be""}",İş Bankası,4933330658639501,Merve Polat,14379.71,EUR,True,"{""$date"": ""2025-12-20T01:17:54.699000Z""}","{""$date"": ""2025-12-24T17:55:54.699000Z""}",manuel,Günlük Harcamalar
"{""$oid"": ""6e5527a43f7951970f5a73e5""}","{""$oid"": ""aec13f4ac750915b4bbf8ecf""}",Garanti Bankası,1305371583152532,Elif Kılıç,19388.64,USD,True,"{""$date"": ""2025-12-18T02:55:54.699000Z""}","{""$date"": ""2025-12-24T17:52:54.699000Z""}",mock,Fatura Hesabım
"{""$oid"": ""5058b8dd7fe394a41c5364b0""}","{""$oid"": ""1634b873b666ccf9ec4b00d0""}",Akbank,2545412111237508,Can Demir,9379.59,TRY,True,"{""$date"": ""2025-12-23T00:40:54.699000Z""}","{""$date"": ""2025-12-24T17:49:54.699000Z""}",manuel,Banka Kartım
"{""$oid"": ""0296e5d86253797c4b29d77b""}","{""$oid"": ""4c83e9a4068e4226a39aea21""}",İş Bankası,5544640051305751,Kerem Doğan,5692.34,USD,True,"{""$date"": ""2025-12-21T06:24:54.699000Z""}","{""$date"": ""2025-12-24T17:46:54.699000Z""}",manuel,Maaş Kartım
"{""$oid"": ""258269e6f0a05567e26711d3""}","{""$oid"": ""e28ac8c35b92f0154e6ced1a""}",Garanti Bankası,2315327958452506,Arda Taş,14028.35,USD,True,"{""$date"": ""2025-12-20T18:52:54.699000Z""}","{""$date"": ""2025-12-24T17:43:54.699000Z""}",manuel,Fatura Hesabım
"{""$oid"": ""45150464d9fb67c74c9fb2d8""}","{""$oid"": ""da891b81d22c5a7f735b9de1""}",Akbank,9420941339501044,Hülya Çelik,17538.88,USD,True,"{""$date"": ""2025-12-22T09:22:54.699000Z""}","{""$date"": ""2025-12-24T17:40:54.699000Z""}",openbanking,Maaş Kartım
