_id,name,surname,username,password,email,phone,language,currency,theme,securityQuestion,securityAnswer,createdAt,updatedAt
{'$oid': 'dfd05de1212b9b197a954d73'},Elif,Öztürk,elif.ozturkd702,$2b$10$6m6J48fc7BZwPJ.vdNCtX7RukaucKGsN6m6J48fc7BZwPJ.vdNCtX,elif.ozturkd702@example.com,5744750487,tr,EUR,dark,Doğduğunuz şehir neresi?,$2b$10$QVZqwW4CxJpRpYpBLsgwh2MFE5IezjOwQVZqwW4CxJpRpYpBLsgwh,{'$date': '2025-12-23T09:53:41.851000Z'},{'$date': '2025-12-23T09:53:41.851000Z'}
{'$oid': '1ac8e9af6c435b630db51495'},Merve,Avcı,merve.avci3117,$2b$10$OtcZLsqlMorSOjEZxmb5WgSl5DK28/VYOtcZLsqlMorSOjEZxmb5W,merve.avci3117@example.com,5359335442,en,TRY,light,Annenizin kızlık soyadı nedir?,$2b$10$qTcKtXCTLaju0vxeWwlMqMOV5JCt1a/1qTcKtXCTLaju0vxeWwlMq,{'$date': '2025-12-22T09:53:41.851000Z'},{'$date': '2025-12-22T09:53:41.851000Z'}
{'$oid': '5e2eb3b69878b03354f82960'},Ali,Tekin,ali.tekinb759,$2b$10$/zoD3dB4Kunne3oPTNqp7MhlW5jCplXq/zoD3dB4Kunne3oPTNqp7,ali.tekinb759@example.com,5567553355,en,EUR,dark,Doğduğunuz şehir neresi?,$2b$10$Xugo0TuC/6VNO8niTpUU2TjkM.461g/iXugo0TuC/6VNO8niTpUU2,{'$date': '2025-12-21T09:53:41.851000Z'},{'$date': '2025-12-21T09:53:41.851000Z'}
{'$oid': 'c970305faaf820db7df8c09f'},Emre,Demir,emre.demir11a6,$2b$10$v2W48PI1ThJTv7.GusSdNjv5LLDHW061v2W48PI1ThJTv7.GusSdN,emre.demir11a6@example.com,5378042937,en,TRY,light,İlk evcil hayvanınızın adı nedir?,$2b$10$UU4CDtahF0GcCpod/N7eule.bqoHjLKaUU4CDtahF0GcCpod/N7eu,{'$date': '2025-12-20T09:53:41.851000Z'},{'$date': '2025-12-20T09:53:41.851000Z'}
{'$oid': '44fde454fb7a712f19f94b83'},Esra,Özdemir,esra.ozdemir157f,$2b$10$V4kqdiLGpEgRX5Obq1RrjvEnURqUjIddV4kqdiLGpEgRX5Obq1Rrj,esra.ozdemir157f@example.com,5426315042,en,USD,dark,İlkokul öğretmeninizin adı nedir?,$2b$10$VPr2i4uk3eQEnsTqjJfHTs/6vq1kpC25VPr2i4uk3eQEnsTqjJfHT,{'$date': '2025-12-19T09:53:41.851000Z'},{'$date': '2025-12-19T09:53:41.851000Z'}
{'$oid': 'db550a334fa5528649913437'},Sümeyye,Yavuz,sumeyye.yavuzd207,$2b$10$AsMvYH97TAuPKoQ5TAlJK75gUJj9l/DBAsMvYH97TAuPKoQ5TAlJK,sumeyye.yavuzd207@example.com,5572272991,en,USD,light,İlk evcil hayvanınızın adı nedir?,$2b$10$MLlkeC/Y9ZKLsMt.VxY3ujG5SRzOdrFdMLlkeC/Y9ZKLsMt.VxY3u,{'$date': '2025-12-18T09:53:41.851000Z'},{'$date': '2025-12-18T09:53:41.851000Z'}
{'$oid': '0d15054f3b4af699b1c0603c'},Arda,Kurt,arda.kurt019e,$2b$10$Mm9PQ0We8Ns6EVyNXr3WjoR02GQFfkkwMm9PQ0We8Ns6EVyNXr3Wj,arda.kurt019e@example.com,5493532594,tr,TRY,dark,Annenizin kızlık soyadı nedir?,$2b$10$yUPZIGisUXa0LbIaxsJd9vlzvs1Dp04ayUPZIGisUXa0LbIaxsJd9,{'$date': '2025-12-17T09:53:41.851000Z'},{'$date': '2025-12-17T09:53:41.851000Z'}
{'$oid': 'a86e236d6d582456067fd225'},Oğuz,Şahin,oguz.sahind5bf,$2b$10$tDdmu.CrzFa7PLFuvUV1mrCgJVCPTLBKtDdmu.CrzFa7PLFuvUV1m,oguz.sahind5bf@example.com,5817369318,en,EUR,light,İlk evcil hayvanınızın adı nedir?,$2b$10$ufgsdeBJhsXCSh01/zlFld.Tjevf7vekufgsdeBJhsXCSh01/zlFl,{'$date': '2025-12-16T09:53:41.851000Z'},{'$date': '2025-12-16T09:53:41.851000Z'}
{'$oid': '87f1f5f040df74ed242c47c6'},Aylin,Güneş,aylin.gunes8397,$2b$10$ZbiYa955Koi42YrHnSG0WYlBuALzkNIvZbiYa955Koi42YrHnSG0W,aylin.gunes8397@example.com,5657327972,tr,USD,dark,Doğduğunuz şehir neresi?,$2b$10$ehr4R5iPUgZ5K.Dv9ua47XvgQ46JD7nkehr4R5iPUgZ5K.Dv9ua47,{'$date': '2025-12-15T09:53:41.851000Z'},{'$date': '2025-12-15T09:53:41.851000Z'}
{'$oid': '8aa3c914a0b94a47b2f65103'},Kadir,Bulut,kadir.bulut7b94,$2b$10$949rNckYfe1yeUZdIzOhI8Ti79G6EY8P949rNckYfe1yeUZdIzOhI,kadir.bulut7b94@example.com,5886143174,en,TRY,light,Doğduğunuz şehir neresi?,$2b$10$04DtSZSm7FGHW63cDVL7Qwgq/Gae5lbf04DtSZSm7FGHW63cDVL7Q,{'$date': '2025-12-14T09:53:41.851000Z'},{'$date': '2025-12-14T09:53:41.851000Z'}
{'$oid': '0c916301de2484846800c3b5'},Esra,Koç,esra.koc3ad7,$2b$10$8WHliqzuhk2XPG8ZkJAxngzXBEZlUhvO8WHliqzuhk2XPG8ZkJAxn,esra.koc3ad7@example.com,5334155079,en,USD,dark,Doğduğunuz şehir neresi?,$2b$10$3DKP10k64HYtDx/ifz3a8.5G5m6mdfHO3DKP10k64HYtDx/ifz3a8,{'$date': '2025-12-13T09:53:41.851000Z'},{'$date': '2025-12-13T09:53:41.851000Z'}
{'$oid': '0de88e6b73a2331c15626204'},Deniz,Yıldız,deniz.yildiz2ea8,$2b$10$Td2M8G3ScgV/Bu5/DqhG/z8WwxlaxKLyTd2M8G3ScgV/Bu5/DqhG/,deniz.yildiz2ea8@example.com,5611848406,tr,EUR,light,İlk evcil hayvanınızın adı nedir?,$2b$10$lcfL/YU0d28mpioDZ.jSbJoAilzLGT2RlcfL/YU0d28mpioDZ.jSb,{'$date': '2025-12-12T09:53:41.851000Z'},{'$date': '2025-12-12T09:53:41.851000Z'}
{'$oid': '9ac19681c61f40aaa63d8082'},Ceren,Keskin,ceren.keskin3e48,$2b$10$0EJf9vaETdx5vN67rK4sA/G06.5a3Es10EJf9vaETdx5vN67rK4sA,ceren.keskin3e48@example.com,5589347866,tr,EUR,dark,Annenizin kızlık soyadı nedir?,$2b$10$kZTmeSw4s64QsRtSos/3EpJPjZf1Nf1YkZTmeSw4s64QsRtSos/3E,{'$date': '2025-12-11T09:53:41.851000Z'},{'$date': '2025-12-11T09:53:41.851000Z'}
{'$oid': '64c72857f4de03894ccd35d8'},Bahar,Yıldız,bahar.yildizc83e,$2b$10$v4CNqZfLn69Dx3YjeNLtbqYLqFBAd7TIv4CNqZfLn69Dx3YjeNLtb,bahar.yildizc83e@example.com,5325133351,tr,TRY,light,İlkokul öğretmeninizin adı nedir?,$2b$10$Ers.Y34bQHfGxXo/3YWU8s/Qx5uUal80Ers.Y34bQHfGxXo/3YWU8,{'$date': '2025-12-10T09:53:41.851000Z'},{'$date': '2025-12-10T09:53:41.851000Z'}
{'$oid': '80d9a608496cab154b22286d'},Hande,Erdem,hande.erdem8891,$2b$10$fF.uEqZ108flDGZw9XsNYxuJAl4MrtICfF.uEqZ108flDGZw9XsNY,hande.erdem8891@example.com,5084265822,tr,TRY,dark,Annenizin kızlık soyadı nedir?,$2b$10$ZhrIXKqEo52d.hizhn8W52vIq.CJpEX/ZhrIXKqEo52d.hizhn8W5,{'$date': '2025-12-09T09:53:41.851000Z'},{'$date': '2025-12-09T09:53:41.851000Z'}
{'$oid': '18dc9e80d4f7459c743922db'},Eren,Yıldız,eren.yildizeb52,$2b$10$qnnWUFBWS2gSZledGU3ArBkCnkuLBIlTqnnWUFBWS2gSZledGU3Ar,eren.yildizeb52@example.com,5248270437,tr,TRY,light,Annenizin kızlık soyadı nedir?,$2b$10$MJ7ZUwDoyNNDhJcPceuXB5Q0qbw4HQLnMJ7ZUwDoyNNDhJcPceuXB,{'$date': '2025-12-08T09:53:41.851000Z'},{'$date': '2025-12-08T09:53:41.851000Z'}
{'$oid': 'fc8fa5ee2df6c07da7f39953'},Fatma,Şimşek,fatma.simsek1a7f,$2b$10$iDMCPsOVgv/LOJtDeMR.b7fdaalOEmRviDMCPsOVgv/LOJtDeMR.b,fatma.simsek1a7f@example.com,5873227402,tr,TRY,dark,Annenizin kızlık soyadı nedir?,$2b$10$KINZ1wG.6q0OixZAmYPaXyEVQqSXK57kKINZ1wG.6q0OixZAmYPaX,{'$date': '2025-12-07T09:53:41.851000Z'},{'$date': '2025-12-07T09:53:41.851000Z'}
{'$oid': 'c10c92fdb21a4596eaaf15db'},Süleyman,Öztürk,suleyman.ozturkc72d,$2b$10$mG/bptxQXfk5YXQYXpU0vE7BvCRTG2eEmG/bptxQXfk5YXQYXpU0v,suleyman.ozturkc72d@example.com,5460888590,tr,USD,light,Doğduğunuz şehir neresi?,$2b$10$Bf9morlBwKBMrixv9r/FB0mUM1Pu2sOBBf9morlBwKBMrixv9r/FB,{'$date': '2025-12-06T09:53:41.851000Z'},{'$date': '2025-12-06T09:53:41.851000Z'}
{'$oid': '4107eb402f6ec92253540a81'},Derya,Yıldız,derya.yildizf59b,$2b$10$FA0smMzE/6XQo3y02.JGTOj1TVkEpf0PFA0smMzE/6XQo3y02.JGT,derya.yildizf59b@example.com,5580357027,en,USD,dark,Annenizin kızlık soyadı nedir?,$2b$10$QEsvgbSdzwPYt.TzDNmQ10YiX0t/5S.rQEsvgbSdzwPYt.TzDNmQ1,{'$date': '2025-12-05T09:53:41.851000Z'},{'$date': '2025-12-05T09:53:41.851000Z'}
{'$oid': 'de2bcf9a6c467c47d7a2ef61'},Nazlı,Aydın,nazli.aydin522c,$2b$10$x4zPE6t3k3g5hkG28umlW2OVdhfcYq.Jx4zPE6t3k3g5hkG28umlW,nazli.aydin522c@example.com,5232666236,en,USD,light,Annenizin kızlık soyadı nedir?,$2b$10$wqKOdGGDOMmdyoMQ/gdl3ilJJi/HLBgKwqKOdGGDOMmdyoMQ/gdl3,{'$date': '2025-12-04T09:53:41.851000Z'},{'$date': '2025-12-04T09:53:41.851000Z'}
{'$oid': 'dbf39b26b3ee2f6e93300762'},Tuğba,Karaca,tugba.karacaadd5,$2b$10$R/QbkDKIURspu48r2tgMKaj5uyEnxlmCR/QbkDKIURspu48r2tgMK,tugba.karacaadd5@example.com,5192960543,tr,USD,dark,Doğduğunuz şehir neresi?,$2b$10$taZa7KVOmIE76aW.A387YEPdpvJfRzAQtaZa7KVOmIE76aW.A387Y,{'$date': '2025-12-03T09:53:41.851000Z'},{'$date': '2025-12-03T09:53:41.851000Z'}
{'$oid': '6201c4fb8d057f1799edda4b'},Onur,Yalçın,onur.yalcin25ff,$2b$10$ybrFhrcCcMZIB1D7y396xGGIgDxeAE1zybrFhrcCcMZIB1D7y396x,onur.yalcin25ff@example.com,5489860306,en,USD,light,Annenizin kızlık soyadı nedir?,$2b$10$kYNrukUhgLGODtNEgAAA2r/mtUCAZH36kYNrukUhgLGODtNEgAAA2,{'$date': '2025-12-02T09:53:41.851000Z'},{'$date': '2025-12-02T09:53:41.851000Z'}
{'$oid': '398e689cc43790882a89f06e'},Batuhan,Karaca,batuhan.karaca0f24,$2b$10$MLBShQmaBFPZO1JoZ0/RByAuXRqBW97JMLBShQmaBFPZO1JoZ0/RB,batuhan.karaca0f24@example.com,5755485091,en,EUR,dark,Annenizin kızlık soyadı nedir?,$2b$10$lB7NiIpz9lurYJ.pfOa1vMeCgRW2/nt4lB7NiIpz9lurYJ.pfOa1v,{'$date': '2025-12-01T09:53:41.851000Z'},{'$date': '2025-12-01T09:53:41.851000Z'}
{'$oid': '5b534baf6cd728c89c70cae5'},Hakan,Kurt,hakan.kurt7aad,$2b$10$Wa9ZZJewCbiyYn4zb3o7N6dRiDY44OAZWa9ZZJewCbiyYn4zb3o7N,hakan.kurt7aad@example.com,5060418581,tr,TRY,light,Doğduğunuz şehir neresi?,$2b$10$fnOCPvgbtw/7LXP5sSqwe1ICXKghWRsUfnOCPvgbtw/7LXP5sSqwe,{'$date': '2025-11-30T09:53:41.851000Z'},{'$date': '2025-11-30T09:53:41.851000Z'}
{'$oid': '6a65ee971e564e19e0c02b3d'},Can,Bulut,can.bulut311e,$2b$10$cvdq5my8Fn1kCjOrCqtRDAK1h4wFDT9qcvdq5my8Fn1kCjOrCqtRD,can.bulut311e@example.com,5002381194,en,USD,dark,Annenizin kızlık soyadı nedir?,$2b$10$JpqSC7Zfa21d7d6mZC3cTlhDZxpOzQe4JpqSC7Zfa21d7d6mZC3cT,{'$date': '2025-11-29T09:53:41.851000Z'},{'$date': '2025-11-29T09:53:41.851000Z'}
{'$oid': '4b86ebdff8953602ab2e6b4a'},Yusuf,Uçar,yusuf.ucar5b71,$2b$10$ukWGnug6zMw5BQy4Ga6ynkP.nyV5WlQjukWGnug6zMw5BQy4Ga6yn,yusuf.ucar5b71@example.com,5219489579,tr,TRY,light,Doğduğunuz şehir neresi?,$2b$10$GBGk5Qp3Mrb2t0MxS/gAVFvZ6MCjq0rEGBGk5Qp3Mrb2t0MxS/gAV,{'$date': '2025-11-28T09:53:41.851000Z'},{'$date': '2025-11-28T09:53:41.851000Z'}
{'$oid': 'ef7e33fba410b2048dcfd06d'},Beyza,Özdemir,beyza.ozdemir8fd6,$2b$10$UTeyvsW4vYSWXQ2Y0pxTYQkQWqsMJ.7eUTeyvsW4vYSWXQ2Y0pxTY,beyza.ozdemir8fd6@example.com,5057710247,en,EUR,dark,İlkokul öğretmeninizin adı nedir?,$2b$10$EO4SGrNFaIvjKqVgzZPPSpsDPaXpzUqrEO4SGrNFaIvjKqVgzZPPS,{'$date': '2025-11-27T09:53:41.851000Z'},{'$date': '2025-11-27T09:53:41.851000Z'}
{'$oid': '3453b2417e10989f8bf2e06a'},Ayşe,Uçar,ayse.ucar5ec1,$2b$10$WTXfM66IEUnMgYmcjTfZIEXyVgFZu9ZgWTXfM66IEUnMgYmcjTfZI,ayse.ucar5ec1@example.com,5667038589,en,USD,light,İlkokul öğretmeninizin adı nedir?,$2b$10$BA.gXSLGt59w5nTtFsA1s/GXDPlXqoykBA.gXSLGt59w5nTtFsA1s,{'$date': '2025-11-26T09:53:41.851000Z'},{'$date': '2025-11-26T09:53:41.851000Z'}
{'$oid': '565d70edfb389535c545b073'},Beyza,Kurt,beyza.kurt5ea5,$2b$10$SSAsnjR98i5rFU2gfArckYOLG/9xXtDkSSAsnjR98i5rFU2gfArck,beyza.kurt5ea5@example.com,5626197571,tr,USD,dark,Doğduğunuz şehir neresi?,$2b$10$CgKLm3DzRmsgi72Wj4Jlru6oaf4BgrsGCgKLm3DzRmsgi72Wj4Jlr,{'$date': '2025-11-25T09:53:41.851000Z'},{'$date': '2025-11-25T09:53:41.851000Z'}
{'$oid': '9c352bd52d0a3be05cbeb45c'},Özge,Şimşek,ozge.simsekc4da,$2b$10$XIFChd/XDgEO8Qo2I0l2bV5NpJQ8qp8gXIFChd/XDgEO8Qo2I0l2b,ozge.simsekc4da@example.com,5074868225,tr,EUR,light,İlkokul öğretmeninizin adı nedir?,$2b$10$8jebsgY2e0lFJyme.sqcNjX1A3Ng9Ry88jebsgY2e0lFJyme.sqcN,{'$date': '2025-11-24T09:53:41.851000Z'},{'$date': '2025-11-24T09:53:41.851000Z'}
{'$oid': 'ec42c3b2f1af27aeacaf87c6'},Eren,Tekin,eren.tekinb84d,$2b$10$nvlr4.WiFQ.B5rMG4N43QXR1cCPXUkmPnvlr4.WiFQ.B5rMG4N43Q,eren.tekinb84d@example.com,5109785802,tr,USD,dark,İlkokul öğretmeninizin adı nedir?,$2b$10$SSD1GafmQhhbOMeBLgFByj.6o/LK2RZ5SSD1GafmQhhbOMeBLgFBy,{'$date': '2025-12-23T09:53:41.851000Z'},{'$date': '2025-12-23T09:53:41.851000Z'}
{'$oid': 'eba447c97c67a0c900cbd378'},Orhan,Güneş,orhan.gunesdaeb,$2b$10$ma/PykYhf4MZqsbVKxYP.Q1Lyd/NnSCrma/PykYhf4MZqsbVKxYP.,orhan.gunesdaeb@example.com,5382727226,tr,TRY,light,İlk evcil hayvanınızın adı nedir?,$2b$10$3BxUtEVj56SIxoK89Eyl.GLdJnDDEbEg3BxUtEVj56SIxoK89Eyl.,{'$date': '2025-12-22T09:53:41.851000Z'},{'$date': '2025-12-22T09:53:41.851000Z'}
{'$oid': '1ea60e24254e512ad1d98f0f'},Hülya,Özdemir,hulya.ozdemirc82a,$2b$10$QiqnvRH72lJpCOizF0C6Jh06Suw7ETTDQiqnvRH72lJpCOizF0C6J,hulya.ozdemirc82a@example.com,5478466074,en,USD,dark,Doğduğunuz şehir neresi?,$2b$10$9DmfATX6qzcUMIp9boScTEwfaGjqu6Bm9DmfATX6qzcUMIp9boScT,{'$date': '2025-12-21T09:53:41.851000Z'},{'$date': '2025-12-21T09:53:41.851000Z'}
{'$oid': '71c1d758f44913363104af05'},Sümeyye,Kılıç,sumeyye.kilic4be0,$2b$10$XJsUD6ZnDgfnmCPy2ncnCO.KtIC.FiqVXJsUD6ZnDgfnmCPy2ncnC,sumeyye.kilic4be0@example.com,5203572969,tr,TRY,light,İlkokul öğretmeninizin adı nedir?,$2b$10$o9B/r2zUYdjNGfkYTdR25EcD510UXqHlo9B/r2zUYdjNGfkYTdR25,{'$date': '2025-12-20T09:53:41.851000Z'},{'$date': '2025-12-20T09:53:41.851000Z'}
{'$oid': '4e615750e88a7055219dc83a'},Özge,Yalçın,ozge.yalcin0bd5,$2b$10$CFte613N6502XLs7a8hveO8EemsxRCVVCFte613N6502XLs7a8hve,ozge.yalcin0bd5@example.com,5815391078,tr,EUR,dark,İlkokul öğretmeninizin adı nedir?,$2b$10$PiaX2OyIRDDUgpjYdw1tfX/J8r8AJsVFPiaX2OyIRDDUgpjYdw1tf,{'$date': '2025-12-19T09:53:41.851000Z'},{'$date': '2025-12-19T09:53:41.851000Z'}
{'$oid': '560b1e0c63b828d56be6856d'},Özge,Toprak,ozge.toprak653f,$2b$10$eKsVdZ9WEEmwkCsxe4n89r.J/p7L6ENYeKsVdZ9WEEmwkCsxe4n89,ozge.toprak653f@example.com,5642526572,en,TRY,light,Annenizin kızlık soyadı nedir?,$2b$10$naxutL1jpc6sjM7vyvTVcDb2Z4XPfLuZnaxutL1jpc6sjM7vyvTVc,{'$date': '2025-12-18T09:53:41.851000Z'},{'$date': '2025-12-18T09:53:41.851000Z'}
{'$oid': '3e1e1fa13b5adfb3a41bce2a'},Barış,Koç,baris.koc4a30,$2b$10$NK/qUSTVgv05vUGIL/3LQfeg5tX.eKLxNK/qUSTVgv05vUGIL/3LQ,baris.koc4a30@example.com,5744387506,en,EUR,dark,Doğduğunuz şehir neresi?,$2b$10$breKKTzB2zkb159Pcu/7jC/L3L0gkdxxbreKKTzB2zkb159Pcu/7j,{'$date': '2025-12-17T09:53:41.851000Z'},{'$date': '2025-12-17T09:53:41.851000Z'}
{'$oid': '7eae0c70172c2315c2005dff'},Tuğba,Aydın,tugba.aydin6ba7,$2b$10$Nbh3pimfe13wcqHODRKo8eWhrCYUoPRXNbh3pimfe13wcqHODRKo8,tugba.aydin6ba7@example.com,5680915550,en,USD,light,Annenizin kızlık soyadı nedir?,$2b$10$ShcF01EAR/NMgBjOs0UL7l.f3yi3PrfLShcF01EAR/NMgBjOs0UL7,{'$date': '2025-12-16T09:53:41.851000Z'},{'$date': '2025-12-16T09:53:41.851000Z'}
{'$oid': '58b251c359c4fbb76f5e6443'},Gamze,Keskin,gamze.keskin0e81,$2b$10$m6Kz71e2w6o.PbjbDJYZFUz9V0YnNCGBm6Kz71e2w6o.PbjbDJYZF,gamze.keskin0e81@example.com,5436198034,en,USD,dark,Annenizin kızlık soyadı nedir?,$2b$10$IF7MLh1zPBtToKjzAMNEnNjR0XVNTNzQIF7MLh1zPBtToKjzAMNEn,{'$date': '2025-12-15T09:53:41.851000Z'},{'$date': '2025-12-15T09:53:41.851000Z'}
{'$oid': 'b62b6d1621aed81b5ef9b711'},Melis,Yavuz,melis.yavuz7ff1,$2b$10$w4j.q1858DBj30Rb0VlVzLc4PMV5npBnw4j.q1858DBj30Rb0VlVz,melis.yavuz7ff1@example.com,5523143679,en,TRY,light,İlkokul öğretmeninizin adı nedir?,$2b$10$OJvOhqIfFiubER3jtv0sX2yWOzOCz2BvOJvOhqIfFiubER3jtv0sX,{'$date': '2025-12-14T09:53:41.851000Z'},{'$date': '2025-12-14T09:53:41.851000Z'}
{'$oid': '030e6e0b656e969bc0906be5'},Sercan,Uçar,sercan.ucar9c6c,$2b$10$qL/tvPnQuL5tskDMeHYDLO0ea5Ba3loWqL/tvPnQuL5tskDMeHYDL,sercan.ucar9c6c@example.com,5345088798,tr,TRY,dark,İlkokul öğretmeninizin adı nedir?,$2b$10$ZvOZj2FypaioNM2M2BWjAAPgvI8ur5SuZvOZj2FypaioNM2M2BWjA,{'$date': '2025-12-13T09:53:41.851000Z'},{'$date': '2025-12-13T09:53:41.851000Z'}
{'$oid': '395cc973064f095e52ab4471'},Ayşe,Güneş,ayse.gunes9d05,$2b$10$vttF/gB6bM2tYtUo.CVcHhZyzS1AZ2VtvttF/gB6bM2tYtUo.CVcH,ayse.gunes9d05@example.com,5938738095,en,TRY,light,Annenizin kızlık soyadı nedir?,$2b$10$5n4L9WaWFc1wU427bWj3zHJX0lCkGhKw5n4L9WaWFc1wU427bWj3z,{'$date': '2025-12-12T09:53:41.851000Z'},{'$date': '2025-12-12T09:53:41.851000Z'}
{'$oid': 'a3d713a7af305efccf312c58'},Furkan,Kaplan,furkan.kaplanc82c,$2b$10$vOSrAGZ8udM3QgJa2WXzb/WLdEz0YkypvOSrAGZ8udM3QgJa2WXzb,furkan.kaplanc82c@example.com,5757966954,en,EUR,dark,İlkokul öğretmeninizin adı nedir?,$2b$10$MftERhYiEVhknlzoxZ4ySDAOCjAmXQBOMftERhYiEVhknlzoxZ4yS,{'$date': '2025-12-11T09:53:41.851000Z'},{'$date': '2025-12-11T09:53:41.851000Z'}
{'$oid': 'b4b5b1e37a599c1d6e0f5c7e'},Şule,Kaya,sule.kayaa91f,$2b$10$L67OE1I.J.6RVNUfT7UmFVLnfkZ1MmlML67OE1I.J.6RVNUfT7UmF,sule.kayaa91f@example.com,5222369632,tr,USD,light,Doğduğunuz şehir neresi?,$2b$10$zEwXBBV7Tql06p8n1e4yQGLDDyfKrSyCzEwXBBV7Tql06p8n1e4yQ,{'$date': '2025-12-10T09:53:41.851000Z'},{'$date': '2025-12-10T09:53:41.851000Z'}
{'$oid': 'dcd9b5f1415b272404765622'},Rabia,Yıldız,rabia.yildizf264,$2b$10$qJjzXr2MxkTDxK04Fn5ki8YXHzkWDO7rqJjzXr2MxkTDxK04Fn5ki,rabia.yildizf264@example.com,5438599293,en,TRY,dark,Annenizin kızlık soyadı nedir?,$2b$10$XUxK2uYFlrwoQwtBq.3HtzZrPzSwtBeAXUxK2uYFlrwoQwtBq.3Ht,{'$date': '2025-12-09T09:53:41.851000Z'},{'$date': '2025-12-09T09:53:41.851000Z'}
{'$oid': 'd10e83240d479173cf7eff86'},Beyza,Polat,beyza.polat3ee2,$2b$10$lkvSF0RalK0RhkEJYwO3DO.79oActvHGlkvSF0RalK0RhkEJYwO3D,beyza.polat3ee2@example.com,5014093426,en,USD,light,Doğduğunuz şehir neresi?,$2b$10$.bf7bwy8oO1G.CBlp2PVXBRcdkRMRT.t.bf7bwy8oO1G.CBlp2PVX,{'$date': '2025-12-08T09:53:41.851000Z'},{'$date': '2025-12-08T09:53:41.851000Z'}
{'$oid': 'ef536d38ded46204361b8247'},Samet,Erdoğan,samet.erdogan8160,$2b$10$Sh6.7DMsmWOSycizwbuu2EBJ5FxMz7pJSh6.7DMsmWOSycizwbuu2,samet.erdogan8160@example.com,5724971915,en,USD,dark,İlkokul öğretmeninizin adı nedir?,$2b$10$MuQfzlCNkF6eOuNr1HDXGoqVqUXdgl2yMuQfzlCNkF6eOuNr1HDXG,{'$date': '2025-12-07T09:53:41.851000Z'},{'$date': '2025-12-07T09:53:41.851000Z'}
{'$oid': '4ef1d93732e689dd2d4d7d2a'},Burak,Güler,burak.guler1dc2,$2b$10$8ksjFiAq0mXVIGVp57SvpgEMSlAU7YtZ8ksjFiAq0mXVIGVp57Svp,burak.guler1dc2@example.com,5644513127,en,USD,light,Doğduğunuz şehir neresi?,$2b$10$hdsf1vou85J1D1bGN8Z4VXumFHUotxRLhdsf1vou85J1D1bGN8Z4V,{'$date': '2025-12-06T09:53:41.851000Z'},{'$date': '2025-12-06T09:53:41.851000Z'}
{'$oid': '66d27677c70e1a4d43cebd5d'},Arda,Güler,arda.gulerebe3,$2b$10$E2dYjeGkaV2bDBLHq50pPEY4rr6fbBmYE2dYjeGkaV2bDBLHq50pP,arda.gulerebe3@example.com,5067765497,tr,TRY,dark,Annenizin kızlık soyadı nedir?,$2b$10$06IXGvrTPgcAaHawys0SFxHxW/5spayd06IXGvrTPgcAaHawys0SF,{'$date': '2025-12-05T09:53:41.851000Z'},{'$date': '2025-12-05T09:53:41.851000Z'}
{'$oid': '75112c6dd35a0db2f5d8c512'},Batuhan,Ekinci,batuhan.ekincibe30,$2b$10$S5QmtDpB3RM.9dcW8XmKQSFZzlRr/55DS5QmtDpB3RM.9dcW8XmKQ,batuhan.ekincibe30@example.com,5891059894,en,EUR,light,İlkokul öğretmeninizin adı nedir?,$2b$10$4xbJrWlDldhMkEglS.EpO7LSzDWCKg8S4xbJrWlDldhMkEglS.EpO,{'$date': '2025-12-04T09:53:41.851000Z'},{'$date': '2025-12-04T09:53:41.851000Z'}
{'$oid': '1dca75cf82ceb498371147dc'},Gamze,Çelik,gamze.celika644,$2b$10$uisNHFnN2VTtKd90XELp67n/wXYFSiQLuisNHFnN2VTtKd90XELp6,gamze.celika644@example.com,5585172521,tr,TRY,dark,İlkokul öğretmeninizin adı nedir?,$2b$10$qjX6JJgwzyANknvAvFJQeX5tolZ5eiIUqjX6JJgwzyANknvAvFJQe,{'$date': '2025-12-03T09:53:41.851000Z'},{'$date': '2025-12-03T09:53:41.851000Z'}
{'$oid': 'ca20c013fb6501d44ed50aac'},Cem,Uçar,cem.ucarfc70,$2b$10$rNE24vsZWr1ORU17MSQKAjm6DU7c1uePrNE24vsZWr1ORU17MSQKA,cem.ucarfc70@example.com,5416997262,tr,USD,light,İlk evcil hayvanınızın adı nedir?,$2b$10$6IlhMWMwVjvVAQHTk425LKAJK/uqwzPG6IlhMWMwVjvVAQHTk425L,{'$date': '2025-12-02T09:53:41.851000Z'},{'$date': '2025-12-02T09:53:41.851000Z'}
{'$oid': '2f0705e7601f548b8be20a8d'},Emre,Demir,emre.demird14a,$2b$10$4eezTJPJx052m65NMLJnBq/ERdx35xg84eezTJPJx052m65NMLJnB,emre.demird14a@example.com,5228080508,tr,TRY,dark,İlk evcil hayvanınızın adı nedir?,$2b$10$rwDZ3FZaMz0DyEhio78I6A6WwpL2OppgrwDZ3FZaMz0DyEhio78I6,{'$date': '2025-12-01T09:53:41.851000Z'},{'$date': '2025-12-01T09:53:41.851000Z'}
{'$oid': '7491f0b431e466076f93ce3d'},Merve,Demir,merve.demire9ef,$2b$10$rpiJSErs4FS74.huEXwa.OS9/Oyyhso.rpiJSErs4FS74.huEXwa.,merve.demire9ef@example.com,5892642893,en,EUR,light,İlkokul öğretmeninizin adı nedir?,$2b$10$SEZGBhvTHpMO/oR0vkeBuoJ7XiIWZHH8SEZGBhvTHpMO/oR0vkeBu,{'$date': '2025-11-30T09:53:41.851000Z'},{'$date': '2025-11-30T09:53:41.851000Z'}
{'$oid': 'db9b05fde7b0262683aabc6c'},Ömer,Doğan,omer.doganffda,$2b$10$nOyQuQexaQAaXqqV5cOiPy594YuH1r/tnOyQuQexaQAaXqqV5cOiP,omer.doganffda@example.com,5668377806,en,TRY,dark,İlk evcil hayvanınızın adı nedir?,$2b$10$Zl8BaILnOPkVLrIAF8pfRO3wucHyCK13Zl8BaILnOPkVLrIAF8pfR,{'$date': '2025-11-29T09:53:41.851000Z'},{'$date': '2025-11-29T09:53:41.851000Z'}
{'$oid': '0eff0798420a0da1dc37280d'},Melis,Şahin,melis.sahinc7e1,$2b$10$frmZwujEGnszXeU8f8ddT8/xgk4Ib/LBfrmZwujEGnszXeU8f8ddT,melis.sahinc7e1@example.com,5740334775,en,TRY,light,Doğduğunuz şehir neresi?,$2b$10$hs6JJePc0kJ806D0w7BHA.laJG36TKi1hs6JJePc0kJ806D0w7BHA,{'$date': '2025-11-28T09:53:41.851000Z'},{'$date': '2025-11-28T09:53:41.851000Z'}
{'$oid': 'a1d6821e5b054b2617b0f72f'},Oğuz,Özdemir,oguz.ozdemir1abb,$2b$10$Wpo7iN4GbvJtWODH8DpIbg865iDrjUZ1Wpo7iN4GbvJtWODH8DpIb,oguz.ozdemir1abb@example.com,5401982964,tr,TRY,dark,İlkokul öğretmeninizin adı nedir?,$2b$10$pucHkr1QQGrtdmySJPcO.kNt9z.M1EkUpucHkr1QQGrtdmySJPcO.,{'$date': '2025-11-27T09:53:41.851000Z'},{'$date': '2025-11-27T09:53:41.851000Z'}
{'$oid': 'dad139f5f7de5046526a7b75'},Gizem,Yavuz,gizem.yavuz3c83,$2b$10$UJCV2FcoPNQ8l.pZh6Ncgy25GcPkd2aiUJCV2FcoPNQ8l.pZh6Ncg,gizem.yavuz3c83@example.com,5855408872,en,EUR,light,İlk evcil hayvanınızın adı nedir?,$2b$10$lYz942mNXMl5.WOhkNJ8rgeIRCexQ8AnlYz942mNXMl5.WOhkNJ8r,{'$date': '2025-11-26T09:53:41.851000Z'},{'$date': '2025-11-26T09:53:41.851000Z'}
{'$oid': 'd23a67d9e45f27d643b300e8'},Ayşe,Çetin,ayse.cetin63a6,$2b$10$8Rrx3xKTRLPyrEWxdHgRBRheI8qOQBwS8Rrx3xKTRLPyrEWxdHgRB,ayse.cetin63a6@example.com,5371345209,en,EUR,dark,İlk evcil hayvanınızın adı nedir?,$2b$10$89.yS4UShmeK5i9qgxN6V0wG9p7zbXCQ89.yS4UShmeK5i9qgxN6V,{'$date': '2025-11-25T09:53:41.851000Z'},{'$date': '2025-11-25T09:53:41.851000Z'}
{'$oid': '03417abafb31686758ac3c6c'},Batuhan,Kaya,batuhan.kayae0d1,$2b$10$/zRJBtagAfjlv2odQbk0yvz1Gmw0zkqo/zRJBtagAfjlv2odQbk0y,batuhan.kayae0d1@example.com,5294017390,en,USD,light,Annenizin kızlık soyadı nedir?,$2b$10$lBG/ZBcJPtUJDi/UX.TP1cLlGVI7IPXKlBG/ZBcJPtUJDi/UX.TP1,{'$date': '2025-11-24T09:53:41.851000Z'},{'$date': '2025-11-24T09:53:41.851000Z'}
{'$oid': '63d03b567622646cff46aa01'},Oğuz,Kaya,oguz.kaya10e8,$2b$10$/vrsJmiqui1wvUbPAdQKzzWSKdCHgCyT/vrsJmiqui1wvUbPAdQKz,oguz.kaya10e8@example.com,5944991238,tr,EUR,dark,İlkokul öğretmeninizin adı nedir?,$2b$10$DGRDc4esaKDCS9Cj92snSvcvmqL34ey3DGRDc4esaKDCS9Cj92snS,{'$date': '2025-12-23T09:53:41.851000Z'},{'$date': '2025-12-23T09:53:41.851000Z'}
{'$oid': '8bba129a76e3093dad11941e'},Esra,Bozkurt,esra.bozkurtc0d2,$2b$10$cqpqXSDRMvUl9YJMDaJHreHuW4nE7qyCcqpqXSDRMvUl9YJMDaJHr,esra.bozkurtc0d2@example.com,5316879553,en,TRY,light,Annenizin kızlık soyadı nedir?,$2b$10$EloG7o1gqzkEK8/vgXgYXHPwntmI53XAEloG7o1gqzkEK8/vgXgYX,{'$date': '2025-12-22T09:53:41.851000Z'},{'$date': '2025-12-22T09:53:41.851000Z'}
{'$oid': '3b1881558dfbcb861a394fe1'},Ahmet,Keskin,ahmet.keskin1ab6,$2b$10$SU/vMY7a/ylTxmlmFKhpG1ZDZDRFHwBdSU/vMY7a/ylTxmlmFKhpG,ahmet.keskin1ab6@example.com,5001250712,tr,TRY,dark,İlk evcil hayvanınızın adı nedir?,$2b$10$06DF/aYvfwnQEicfSWnyLKU8Q2CVNimH06DF/aYvfwnQEicfSWnyL,{'$date': '2025-12-21T09:53:41.851000Z'},{'$date': '2025-12-21T09:53:41.851000Z'}
{'$oid': '72319c93225f3f0ae9e05f44'},Cem,Kaya,cem.kayaa002,$2b$10$jEOa1aV9pyPumtp5GPpG8950Yi/hP5apjEOa1aV9pyPumtp5GPpG8,cem.kayaa002@example.com,5243964097,en,USD,light,İlkokul öğretmeninizin adı nedir?,$2b$10$tOIRg3HDarQpfvy2hv5h.Rkbg9jmzGfTtOIRg3HDarQpfvy2hv5h.,{'$date': '2025-12-20T09:53:41.851000Z'},{'$date': '2025-12-20T09:53:41.851000Z'}
{'$oid': '045228d11d74c6f92bebd85a'},Batuhan,Öztürk,batuhan.ozturk46e2,$2b$10$s3fDXuEaRXTbS3rtIG9SgaRaqf05h32ks3fDXuEaRXTbS3rtIG9Sg,batuhan.ozturk46e2@example.com,5474477692,tr,USD,dark,İlkokul öğretmeninizin adı nedir?,$2b$10$DIl.0w7g.F1MDmuHlwJxaR3cORmZOv1YDIl.0w7g.F1MDmuHlwJxa,{'$date': '2025-12-19T09:53:41.851000Z'},{'$date': '2025-12-19T09:53:41.851000Z'}
{'$oid': '4380c301f0efee07b9faf0e7'},Esra,Demir,esra.demir518f,$2b$10$E7tY5q1p/3j3ymWntahyBt58NonT13ktE7tY5q1p/3j3ymWntahyB,esra.demir518f@example.com,5148224936,en,USD,light,Annenizin kızlık soyadı nedir?,$2b$10$zDd.EOPZm3cgSFQCiJJDUluRZMcpT3ARzDd.EOPZm3cgSFQCiJJDU,{'$date': '2025-12-18T09:53:41.851000Z'},{'$date': '2025-12-18T09:53:41.851000Z'}
{'$oid': 'a1ca60b4bf21944db35e52b1'},Onur,Özcan,onur.ozcan15ab,$2b$10$KYyxNdb95DsdDNT9tNfFb5rfMJcdnKzyKYyxNdb95DsdDNT9tNfFb,onur.ozcan15ab@example.com,5129683157,en,TRY,dark,İlk evcil hayvanınızın adı nedir?,$2b$10$SWJt.LfwqotVZtN6YdwegI7o0DXN2J83SWJt.LfwqotVZtN6Ydweg,{'$date': '2025-12-17T09:53:41.851000Z'},{'$date': '2025-12-17T09:53:41.851000Z'}
{'$oid': '24052913a013d49519446516'},Ebru,Aksoy,ebru.aksoy2a83,$2b$10$p2xkkBXdK6li6ZkXk6Kw.TMpRwOEzBtRp2xkkBXdK6li6ZkXk6Kw.,ebru.aksoy2a83@example.com,5246417290,tr,EUR,light,Annenizin kızlık soyadı nedir?,$2b$10$HYdqOuP/vFWl/iQpe2.DqxB/uXUvJnFZHYdqOuP/vFWl/iQpe2.Dq,{'$date': '2025-12-16T09:53:41.851000Z'},{'$date': '2025-12-16T09:53:41.851000Z'}
{'$oid': '909c8724416f6d9384d2eedd'},Beyza,Çelik,beyza.celik540c,$2b$10$BLsS78hcitqvB7F4iic7klpbcSkQVVqjBLsS78hcitqvB7F4iic7k,beyza.celik540c@example.com,5436420445,tr,TRY,dark,İlk evcil hayvanınızın adı nedir?,$2b$10$Y9h0ZZ.p0woSWFlhpw6kB14jSpDtPk11Y9h0ZZ.p0woSWFlhpw6kB,{'$date': '2025-12-15T09:53:41.851000Z'},{'$date': '2025-12-15T09:53:41.851000Z'}
{'$oid': 'c0f934ef5e3efc864e9770ba'},Taha,Yılmaz,taha.yilmaz7236,$2b$10$Xp.2NugzEn2jC0de6RFiKJRpCAzX0KUyXp.2NugzEn2jC0de6RFiK,taha.yilmaz7236@example.com,5840547641,tr,TRY,light,İlk evcil hayvanınızın adı nedir?,$2b$10$/bIvPmZMsURIgGaE6q3vD4KD4gl5nLb5/bIvPmZMsURIgGaE6q3vD,{'$date': '2025-12-14T09:53:41.851000Z'},{'$date': '2025-12-14T09:53:41.851000Z'}
{'$oid': '8ba3d9e8c4722bbb555cd833'},Tolga,Koç,tolga.koce1cb,$2b$10$8GmjSF08f15SDlcZijnz2JTN0HAXik1A8GmjSF08f15SDlcZijnz2,tolga.koce1cb@example.com,5652300702,en,USD,dark,Annenizin kızlık soyadı nedir?,$2b$10$1Gvx50gDI7RopcNwFR7EADg3LeSXT1Op1Gvx50gDI7RopcNwFR7EA,{'$date': '2025-12-13T09:53:41.851000Z'},{'$date': '2025-12-13T09:53:41.851000Z'}
{'$oid': '8f5da17351d8853d1771b5e2'},Şeyma,Taş,seyma.tasd0c8,$2b$10$aXrMQXihWBlNxiO9Ro/ETZHLIWQhIM6gaXrMQXihWBlNxiO9Ro/ET,seyma.tasd0c8@example.com,5853447180,en,TRY,light,Doğduğunuz şehir neresi?,$2b$10$0vLa.TtZb4VzBGpDsRBUYjZnwaSjYxD10vLa.TtZb4VzBGpDsRBUY,{'$date': '2025-12-12T09:53:41.851000Z'},{'$date': '2025-12-12T09:53:41.851000Z'}
{'$oid': '87a47f8143abd411c100ae5e'},Recep,Kılıç,recep.kilicb68d,$2b$10$twFAYSCd.KQncOwT7lcMbDLWM8Koo1z7twFAYSCd.KQncOwT7lcMb,recep.kilicb68d@example.com,5517682126,tr,EUR,dark,İlk evcil hayvanınızın adı nedir?,$2b$10$ULOf1lZ2TVo1G5RjJ9hX0CQ4ZwHX2NUpULOf1lZ2TVo1G5RjJ9hX0,{'$date': '2025-12-11T09:53:41.851000Z'},{'$date': '2025-12-11T09:53:41.851000Z'}
{'$oid': '4616aec9f7ecbc06edf6de29'},Gamze,Aydın,gamze.aydinbd59,$2b$10$.oPvS0PdUgTfv34oprYLnhXeKIty0F2Q.oPvS0PdUgTfv34oprYLn,gamze.aydinbd59@example.com,5631842493,tr,USD,light,Doğduğunuz şehir neresi?,$2b$10$cJenAto1Qp/EA/kdeLvUQZHsyCkhaYurcJenAto1Qp/EA/kdeLvUQ,{'$date': '2025-12-10T09:53:41.851000Z'},{'$date': '2025-12-10T09:53:41.851000Z'}
{'$oid': 'a7efa29b85f3b13bea969d4c'},Burak,Polat,burak.polat0142,$2b$10$m85yJMMwLXs.uxhoEOPbXymbXGHjcnVym85yJMMwLXs.uxhoEOPbX,burak.polat0142@example.com,5945752434,en,EUR,dark,Annenizin kızlık soyadı nedir?,$2b$10$bfpY8pDJtwTisa9bD2te2zXHFCb8lpRvbfpY8pDJtwTisa9bD2te2,{'$date': '2025-12-09T09:53:41.851000Z'},{'$date': '2025-12-09T09:53:41.851000Z'}
{'$oid': 'bc6d892adab9bf09fc155ce9'},Taha,Tekin,taha.tekin573b,$2b$10$LNF7yrulZGkNIfMjTsNuD4kgiW4OPqOzLNF7yrulZGkNIfMjTsNuD,taha.tekin573b@example.com,5403250143,tr,TRY,light,İlkokul öğretmeninizin adı nedir?,$2b$10$vnoThKHDx8SKxmk0m6TO0AmCTBcsUaoivnoThKHDx8SKxmk0m6TO0,{'$date': '2025-12-08T09:53:41.851000Z'},{'$date': '2025-12-08T09:53:41.851000Z'}
{'$oid': 'cc529239e7420650631fdbc3'},Kübra,Şimşek,kubra.simsek59b0,$2b$10$fWGW42Et5BrfP8HjuHngHKSgvtr09w7AfWGW42Et5BrfP8HjuHngH,kubra.simsek59b0@example.com,5763121785,tr,USD,dark,İlkokul öğretmeninizin adı nedir?,$2b$10$mveiFXnt/kZ4U33lW1sx86z15Lj8nmMMmveiFXnt/kZ4U33lW1sx8,{'$date': '2025-12-07T09:53:41.851000Z'},{'$date': '2025-12-07T09:53:41.851000Z'}
{'$oid': 'f937afb03d65bf479e3314e9'},Berk,Çetin,berk.cetinaaa2,$2b$10$AfgMHQApQlk3uN5aqvytHhiLR0EwdExEAfgMHQApQlk3uN5aqvytH,berk.cetinaaa2@example.com,5583951959,tr,USD,light,Annenizin kızlık soyadı nedir?,$2b$10$z0VLfN.tQzYztmOYEbvNjbTgwzyW8g5bz0VLfN.tQzYztmOYEbvNj,{'$date': '2025-12-06T09:53:41.851000Z'},{'$date': '2025-12-06T09:53:41.851000Z'}
{'$oid': '1ba7ae457b29aae842ff0ca7'},Sümeyye,Sarı,sumeyye.sarie26e,$2b$10$umQdyZ0ec/o7OywCfybHQSZgm.SWgbWzumQdyZ0ec/o7OywCfybHQ,sumeyye.sarie26e@example.com,5018511596,tr,TRY,dark,Doğduğunuz şehir neresi?,$2b$10$aNlqSory8yUIGH28xIXNJVTrJkOO3aa2aNlqSory8yUIGH28xIXNJ,{'$date': '2025-12-05T09:53:41.851000Z'},{'$date': '2025-12-05T09:53:41.851000Z'}
{'$oid': 'd9d43e7bea63f1b6360efc86'},Ceren,Yalçın,ceren.yalcin9c58,$2b$10$huwtnD5jiiPJSwZiKGgnX1TkNsoNm2IVhuwtnD5jiiPJSwZiKGgnX,ceren.yalcin9c58@example.com,5131472175,tr,EUR,light,İlkokul öğretmeninizin adı nedir?,$2b$10$qLz2xwCn8.DC/oX.nQdFXlX/dQau2qYBqLz2xwCn8.DC/oX.nQdFX,{'$date': '2025-12-04T09:53:41.851000Z'},{'$date': '2025-12-04T09:53:41.851000Z'}
{'$oid': '34a25da675ae4786278a5c6f'},Beyza,Arslan,beyza.arslanf556,$2b$10$AzLybCntRRabHGXOYPZqWaZtmmMMMtY/AzLybCntRRabHGXOYPZqW,beyza.arslanf556@example.com,5113807494,tr,USD,dark,İlk evcil hayvanınızın adı nedir?,$2b$10$bs4EI3hOVOMRCLAOCe9CAs24awMruFr6bs4EI3hOVOMRCLAOCe9CA,{'$date': '2025-12-03T09:53:41.851000Z'},{'$date': '2025-12-03T09:53:41.851000Z'}
{'$oid': '8adf9cb7606948485e34f873'},Nazlı,Şahin,nazli.sahin79c9,$2b$10$5QaGChRhKL.TuEqNEVm8VMzA7d46Vryk5QaGChRhKL.TuEqNEVm8V,nazli.sahin79c9@example.com,5857234473,en,EUR,light,Doğduğunuz şehir neresi?,$2b$10$OsEv/WQw3kUl/BnqG3P0mGBCVHq.e41TOsEv/WQw3kUl/BnqG3P0m,{'$date': '2025-12-02T09:53:41.851000Z'},{'$date': '2025-12-02T09:53:41.851000Z'}
{'$oid': '80b092b653690a1b0941f5d9'},Melis,Bayram,melis.bayram525f,$2b$10$aQHDdXcsgKcjTV3lLDdCCXYxPm/zmoa2aQHDdXcsgKcjTV3lLDdCC,melis.bayram525f@example.com,5833380476,tr,TRY,dark,Doğduğunuz şehir neresi?,$2b$10$ge2U5r9kGEQLXLM9nR3neNnvGXI08s.Dge2U5r9kGEQLXLM9nR3ne,{'$date': '2025-12-01T09:53:41.851000Z'},{'$date': '2025-12-01T09:53:41.851000Z'}
{'$oid': '33a7fa2069b3f44553bd4729'},Aslı,Toprak,asli.toprak15ff,$2b$10$JcqMU0SnRwOPT8Ta.sqa0dIaegd/VZ2yJcqMU0SnRwOPT8Ta.sqa0,asli.toprak15ff@example.com,5316024067,tr,EUR,light,İlk evcil hayvanınızın adı nedir?,$2b$10$LW5MfkCR3Q/uJpXedllRLOELqKAqvP8rLW5MfkCR3Q/uJpXedllRL,{'$date': '2025-11-30T09:53:41.851000Z'},{'$date': '2025-11-30T09:53:41.851000Z'}
{'$oid': '281c0b39b799e091444f6181'},Gökhan,Şimşek,gokhan.simsek9946,$2b$10$ciilX6IDZp8lVvwDb3jKA.KhmzDXtAF.ciilX6IDZp8lVvwDb3jKA,gokhan.simsek9946@example.com,5065466394,tr,USD,dark,Annenizin kızlık soyadı nedir?,$2b$10$GhC79Qdi0mJM6aHMAysb/xUSITIF651XGhC79Qdi0mJM6aHMAysb/,{'$date': '2025-11-29T09:53:41.851000Z'},{'$date': '2025-11-29T09:53:41.851000Z'}
{'$oid': 'f38f6eb23c77888777226fc9'},Bahar,Erdem,bahar.erdem1a22,$2b$10$tBho8G0b.79HnVyApo.tLOUzPR6/1rnntBho8G0b.79HnVyApo.tL,bahar.erdem1a22@example.com,5453033255,en,EUR,light,Doğduğunuz şehir neresi?,$2b$10$gKzsfct7AMjIBrytwNzG92ka6t0J9qhVgKzsfct7AMjIBrytwNzG9,{'$date': '2025-11-28T09:53:41.851000Z'},{'$date': '2025-11-28T09:53:41.851000Z'}
{'$oid': '69ed66e8cc71b987bde1a4d9'},Nisa,Arslan,nisa.arslan1d00,$2b$10$CRAeYZwGJ.Bf2JS4lDvhHZB61GonY/Q5CRAeYZwGJ.Bf2JS4lDvhH,nisa.arslan1d00@example.com,5222693055,en,USD,dark,Annenizin kızlık soyadı nedir?,$2b$10$d94uKyYVH0SVBqFS1z4D0GEWTdo8tDWOd94uKyYVH0SVBqFS1z4D0,{'$date': '2025-11-27T09:53:41.851000Z'},{'$date': '2025-11-27T09:53:41.851000Z'}
{'$oid': '0e0ccab0e0305f872a3aa6ca'},Yağmur,Yalçın,yagmur.yalcin262f,$2b$10$CbU5V861SOTjVdvujzgD9SLkfIVQF2xaCbU5V861SOTjVdvujzgD9,yagmur.yalcin262f@example.com,5815033966,en,TRY,light,İlk evcil hayvanınızın adı nedir?,$2b$10$BcaZrkA1ClZFZxAQMc7BaAHQEFrFILHjBcaZrkA1ClZFZxAQMc7Ba,{'$date': '2025-11-26T09:53:41.851000Z'},{'$date': '2025-11-26T09:53:41.851000Z'}
{'$oid': 'fc909e037704baa8686430c8'},Serkan,Demir,serkan.demir4e57,$2b$10$acVAAHwXftTittNtuTxzlA5rFaFzLdS0acVAAHwXftTittNtuTxzl,serkan.demir4e57@example.com,5218364229,tr,USD,dark,Doğduğunuz şehir neresi?,$2b$10$sZvIyWbIWT/i4Xg2SmfH/4VcxwQQx//zsZvIyWbIWT/i4Xg2SmfH/,{'$date': '2025-11-25T09:53:41.851000Z'},{'$date': '2025-11-25T09:53:41.851000Z'}
{'$oid': '73e9c64243699b021d9db9f2'},Mehmet,Yalçın,mehmet.yalcinae6f,$2b$10$IaVzIOJtokBUQEX/SLQR3xA.D4R.v4SDIaVzIOJtokBUQEX/SLQR3,mehmet.yalcinae6f@example.com,5943410366,en,EUR,light,İlkokul öğretmeninizin adı nedir?,$2b$10$yy0EqlQvqARlQHPO7hTV5cuvmvjWZNXFyy0EqlQvqARlQHPO7hTV5,{'$date': '2025-11-24T09:53:41.851000Z'},{'$date': '2025-11-24T09:53:41.851000Z'}
{'$oid': '23e22c1c5268b686437d1eac'},Barış,Aksoy,baris.aksoyb3d4,$2b$10$zIFUbuokvZfr4PP8gzg227VaXgytkYQ4zIFUbuokvZfr4PP8gzg22,baris.aksoyb3d4@example.com,5138280787,en,TRY,dark,Annenizin kızlık soyadı nedir?,$2b$10$nyND4mxJN02txXNxYuaNLHf/H3q6q/.ynyND4mxJN02txXNxYuaNL,{'$date': '2025-12-23T09:53:41.851000Z'},{'$date': '2025-12-23T09:53:41.851000Z'}
{'$oid': '074a69243b2dace8bf90af3a'},Samet,Koç,samet.kocc1d4,$2b$10$U/Hq3x2/6Pjtj7YqFlJBda.u2i9E/Pq5U/Hq3x2/6Pjtj7YqFlJBd,samet.kocc1d4@example.com,5001505988,tr,USD,light,Doğduğunuz şehir neresi?,$2b$10$tWbVKUFRf48Z1IAPzLSkMFuhvP4xxkzjtWbVKUFRf48Z1IAPzLSkM,{'$date': '2025-12-22T09:53:41.851000Z'},{'$date': '2025-12-22T09:53:41.851000Z'}
{'$oid': '89d5500d757a0ab49b007217'},Emre,Toprak,emre.toprak6a59,$2b$10$pkqP21qxJ.zDWQo659vgVgAWaruD9XoSpkqP21qxJ.zDWQo659vgV,emre.toprak6a59@example.com,5568919712,tr,USD,dark,Annenizin kızlık soyadı nedir?,$2b$10$5.vg1OSWzSyB0lDrDYflSX7ppx/kFxB25.vg1OSWzSyB0lDrDYflS,{'$date': '2025-12-21T09:53:41.851000Z'},{'$date': '2025-12-21T09:53:41.851000Z'}
{'$oid': 'd4d7a39c0a583df2a0b83c63'},Arda,Erdoğan,arda.erdogan3132,$2b$10$Cn/m9GvMRTJWdC.cRA3rRCfqlBGnUCsFCn/m9GvMRTJWdC.cRA3rR,arda.erdogan3132@example.com,5667919812,tr,EUR,light,Annenizin kızlık soyadı nedir?,$2b$10$ZGDmrR2Lmq9Vw/Tvi7ms3Esf0nl9DRUyZGDmrR2Lmq9Vw/Tvi7ms3,{'$date': '2025-12-20T09:53:41.851000Z'},{'$date': '2025-12-20T09:53:41.851000Z'}
{'$oid': '205394db9d171ebc1b2b14be'},Merve,Polat,merve.polatd405,$2b$10$k.AAsduzfypahmKAVSauHTRZTHPUjtfYk.AAsduzfypahmKAVSauH,merve.polatd405@example.com,5978360481,en,USD,dark,Annenizin kızlık soyadı nedir?,$2b$10$tp2ZOXZX4oHcBwEti2haPvA2FcMLs8avtp2ZOXZX4oHcBwEti2haP,{'$date': '2025-12-19T09:53:41.851000Z'},{'$date': '2025-12-19T09:53:41.851000Z'}
{'$oid': 'aec13f4ac750915b4bbf8ecf'},Elif,Kılıç,elif.kilic9a58,$2b$10$dSQKUuTnwHC3G7hCFngsi1/UP2dfPo9jdSQKUuTnwHC3G7hCFngsi,elif.kilic9a58@example.com,5706153920,en,TRY,light,Doğduğunuz şehir neresi?,$2b$10$7LVTENQo0S1L.cRf1rFAHp6g6.3UJNEq7LVTENQo0S1L.cRf1rFAH,{'$date': '2025-12-18T09:53:41.851000Z'},{'$date': '2025-12-18T09:53:41.851000Z'}
{'$oid': '1634b873b666ccf9ec4b00d0'},Can,Demir,can.demir60ef,$2b$10$Q09xNndSb6KfLSbfMgL1z8/MIvLUTtMFQ09xNndSb6KfLSbfMgL1z,can.demir60ef@example.com,5263898499,tr,USD,dark,İlk evcil hayvanınızın adı nedir?,$2b$10$TuDXUXo.6lJwz4RK/q9ggIwZOO3k1tlOTuDXUXo.6lJwz4RK/q9gg,{'$date': '2025-12-17T09:53:41.851000Z'},{'$date': '2025-12-17T09:53:41.851000Z'}
{'$oid': '4c83e9a4068e4226a39aea21'},Kerem,Doğan,kerem.dogan02cf,$2b$10$eJnUQ1a.aYt0vkv5TfWgzSjnuUvErSs/eJnUQ1a.aYt0vkv5TfWgz,kerem.dogan02cf@example.com,5329714822,en,USD,light,İlkokul öğretmeninizin adı nedir?,$2b$10$2WS7u8LQdr2HDQOn2ewfuyVg/feW5LJN2WS7u8LQdr2HDQOn2ewfu,{'$date': '2025-12-16T09:53:41.851000Z'},{'$date': '2025-12-16T09:53:41.851000Z'}
{'$oid': 'e28ac8c35b92f0154e6ced1a'},Arda,Taş,arda.tasbdac,$2b$10$fpWIjd3cullMqH9jsjtYaOsv.KnSBzzofpWIjd3cullMqH9jsjtYa,arda.tasbdac@example.com,5630261560,tr,USD,dark,Annenizin kızlık soyadı nedir?,$2b$10$UEz.2vscFP6dmsEOUI366AcbCH8S8oiNUEz.2vscFP6dmsEOUI366,{'$date': '2025-12-15T09:53:41.851000Z'},{'$date': '2025-12-15T09:53:41.851000Z'}
{'$oid': 'da891b81d22c5a7f735b9de1'},Hülya,Çelik,hulya.celik2a8d,$2b$10$u8SYMWQkdhyoHd88tfaoof..5UBe/J0au8SYMWQkdhyoHd88tfaoo,hulya.celik2a8d@example.com,5356458342,en,USD,light,İlk evcil hayvanınızın adı nedir?,$2b$10$thEswGlYbZA8CCAKrDPZz2z1c.hvCQepthEswGlYbZA8CCAKrDPZz,{'$date': '2025-12-14T09:53:41.851000Z'},{'$date': '2025-12-14T09:53:41.851000Z'}
{'$oid': 'f6d20dd0efa47a2a046496ec'},Hande,Özcan,hande.ozcan5cb8,$2b$10$cSobEcFBGuALL/MhjsWBDwvVbFwoJCNUcSobEcFBGuALL/MhjsWBD,hande.ozcan5cb8@example.com,5132429686,tr,EUR,dark,Annenizin kızlık soyadı nedir?,$2b$10$0Sydh5/VCLeLN8gMASTFCMsb3NbwSd8u0Sydh5/VCLeLN8gMASTFC,{'$date': '2025-12-13T09:53:41.851000Z'},{'$date': '2025-12-13T09:53:41.851000Z'}
{'$oid': 'b934b02c4bb9482ea82a6cb8'},Gül,Toprak,gul.toprak8033,$2b$10$WKpOjR0FlzA02A9cVXqNhzj7xRFL4XfMWKpOjR0FlzA02A9cVXqNh,gul.toprak8033@example.com,5506458169,tr,TRY,light,Annenizin kızlık soyadı nedir?,$2b$10$gX/pmr9XDlYItmCWOfeagy13AuNjc6VBgX/pmr9XDlYItmCWOfeag,{'$date': '2025-12-12T09:53:41.851000Z'},{'$date': '2025-12-12T09:53:41.851000Z'}
{'$oid': '15ab8689b51573d57d85a58a'},Hülya,Sarı,hulya.sari9ba6,$2b$10$vLgRM6.t0NTpo96nCPW9Yihqofk5baM0vLgRM6.t0NTpo96nCPW9Y,hulya.sari9ba6@example.com,5434023438,en,USD,dark,Annenizin kızlık soyadı nedir?,$2b$10$Z4hT5dTZljR5OkcD72RvG3ty0wOzhJKoZ4hT5dTZljR5OkcD72RvG,{'$date': '2025-12-11T09:53:41.851000Z'},{'$date': '2025-12-11T09:53:41.851000Z'}
{'$oid': '065ce6d0d2711a41278cdf6b'},Deniz,Yalçın,deniz.yalcin0ed1,$2b$10$KvRQ71s82HH1sbqDO0qBaWdv.m4eU.CsKvRQ71s82HH1sbqDO0qBa,deniz.yalcin0ed1@example.com,5651644804,tr,EUR,light,İlkokul öğretmeninizin adı nedir?,$2b$10$L8CwGkJTMrxaQg6Qfn4xWqjHJQituJw1L8CwGkJTMrxaQg6Qfn4xW,{'$date': '2025-12-10T09:53:41.851000Z'},{'$date': '2025-12-10T09:53:41.851000Z'}
{'$oid': '0fa511f42597f85163bc83ac'},Ayşe,Arslan,ayse.arslanaf09,$2b$10$FXMJv.FF5TzjELOJmX8Xb0qUCHZSgckqFXMJv.FF5TzjELOJmX8Xb,ayse.arslanaf09@example.com,5776374792,en,TRY,dark,Annenizin kızlık soyadı nedir?,$2b$10$HeLmBEzYaZv9bSGPh/LcMai0wekpsmKhHeLmBEzYaZv9bSGPh/LcM,{'$date': '2025-12-09T09:53:41.851000Z'},{'$date': '2025-12-09T09:53:41.851000Z'}
{'$oid': '88371a0c2965e1666ad6f6f2'},Enes,Polat,enes.polatbd4d,$2b$10$eOjfKvqOQE1rfnutYQyMGDKZcGfskMKmeOjfKvqOQE1rfnutYQyMG,enes.polatbd4d@example.com,5913960016,tr,USD,light,İlkokul öğretmeninizin adı nedir?,$2b$10$OlmmxpzSlPsKkOBelNckdX24qSD8oCmgOlmmxpzSlPsKkOBelNckd,{'$date': '2025-12-08T09:53:41.851000Z'},{'$date': '2025-12-08T09:53:41.851000Z'}
{'$oid': '568d140201adfd7036cc63f8'},Berk,Demir,berk.demir6aaa,$2b$10$uPSv40IrpbfvtZy9/3BBMqfy2KP3G2GduPSv40IrpbfvtZy9/3BBM,berk.demir6aaa@example.com,5455406182,en,TRY,dark,Annenizin kızlık soyadı nedir?,$2b$10$E/ZK/PsT9AfONp.nLggFdFXC5stPCk.nE/ZK/PsT9AfONp.nLggFd,{'$date': '2025-12-07T09:53:41.851000Z'},{'$date': '2025-12-07T09:53:41.851000Z'}
{'$oid': '14a70bdacc1df54eb1ea9d86'},Derya,Bozkurt,derya.bozkurt4b79,$2b$10$nGB3kk8uOljBeMz7wNQ90f5qrWrGAnYMnGB3kk8uOljBeMz7wNQ90,derya.bozkurt4b79@example.com,5557794116,en,USD,light,Annenizin kızlık soyadı nedir?,$2b$10$fNtMgXmHp/XV7Km4n/WLsUqW8gFKDkicfNtMgXmHp/XV7Km4n/WLs,{'$date': '2025-12-06T09:53:41.851000Z'},{'$date': '2025-12-06T09:53:41.851000Z'}
{'$oid': '734e428e161f43097fa019c7'},Ceren,Kaya,ceren.kayaca61,$2b$10$3T99HwGXPv5I3GhWnqvogrWtT2rfUYSD3T99HwGXPv5I3GhWnqvog,ceren.kayaca61@example.com,5686734367,en,TRY,dark,Annenizin kızlık soyadı nedir?,$2b$10$e.SlAgaB8KTAiAPwmnMyN2EZNGOtAa.Je.SlAgaB8KTAiAPwmnMyN,{'$date': '2025-12-05T09:53:41.851000Z'},{'$date': '2025-12-05T09:53:41.851000Z'}
{'$oid': '3a34d72f7ea183d09a99ff47'},Ahmet,Polat,ahmet.polatad40,$2b$10$GPMvgg3DUI2DZtkRa3PvEUc/kB3at555GPMvgg3DUI2DZtkRa3PvE,ahmet.polatad40@example.com,5511524873,tr,USD,light,İlkokul öğretmeninizin adı nedir?,$2b$10$DwnlJcZFBE3ZS/7jzjUsCFfrF.L7t9rYDwnlJcZFBE3ZS/7jzjUsC,{'$date': '2025-12-04T09:53:41.851000Z'},{'$date': '2025-12-04T09:53:41.851000Z'}
{'$oid': '4d5786d2b6e91148a3608fd5'},Gizem,Özdemir,gizem.ozdemir82b2,$2b$10$1kgelK3vJnwG404pXK1V/LsfhZuKMKhe1kgelK3vJnwG404pXK1V/,gizem.ozdemir82b2@example.com,5075878640,tr,EUR,dark,İlk evcil hayvanınızın adı nedir?,$2b$10$Ad/HojStx5c3eCboehVTIgkfW1qLMTrdAd/HojStx5c3eCboehVTI,{'$date': '2025-12-03T09:53:41.851000Z'},{'$date': '2025-12-03T09:53:41.851000Z'}
{'$oid': 'd89e7a377d74a0e7500ade68'},Enes,Kurt,enes.kurtb272,$2b$10$oGvq8o5oCP/QqaYL21IR8IOn0Pwl.uLYoGvq8o5oCP/QqaYL21IR8,enes.kurtb272@example.com,5443186217,tr,EUR,light,İlk evcil hayvanınızın adı nedir?,$2b$10$iXVXOzmYaTDqSkqudHXd8MlvfBkQDllpiXVXOzmYaTDqSkqudHXd8,{'$date': '2025-12-02T09:53:41.851000Z'},{'$date': '2025-12-02T09:53:41.851000Z'}
{'$oid': '76307d97293e6133e390832a'},Nazlı,Şimşek,nazli.simsek738a,$2b$10$fUxn9V07ZjNJjihWzjt2sf/zDKGGDTT6fUxn9V07ZjNJjihWzjt2s,nazli.simsek738a@example.com,5832286897,tr,EUR,dark,İlkokul öğretmeninizin adı nedir?,$2b$10$J3cpkcfbUniBP9/3S2q4y9FriDajus4WJ3cpkcfbUniBP9/3S2q4y,{'$date': '2025-12-01T09:53:41.851000Z'},{'$date': '2025-12-01T09:53:41.851000Z'}
{'$oid': '7ab4343cf9d6a544f9e6454b'},Recep,Taş,recep.tasc387,$2b$10$7bKSEhBwFdGSh866iVHq08gSR2fbsjrl7bKSEhBwFdGSh866iVHq0,recep.tasc387@example.com,5141483407,tr,EUR,light,Doğduğunuz şehir neresi?,$2b$10$8hQFXB6i10.3mNuwJtTXtt0GZf9SuGBj8hQFXB6i10.3mNuwJtTXt,{'$date': '2025-11-30T09:53:41.851000Z'},{'$date': '2025-11-30T09:53:41.851000Z'}
{'$oid': '7aa335bc9a356fcd58e30efe'},Sevgi,Koç,sevgi.koc9ea1,$2b$10$9hJ7klMlJHOHmFbJiECm05M/5goNGBnf9hJ7klMlJHOHmFbJiECm0,sevgi.koc9ea1@example.com,5065687459,tr,TRY,dark,İlkokul öğretmeninizin adı nedir?,$2b$10$Jw0m65RTCKfLKPB/2.Ua7oXvi1AW4hdWJw0m65RTCKfLKPB/2.Ua7,{'$date': '2025-11-29T09:53:41.851000Z'},{'$date': '2025-11-29T09:53:41.851000Z'}
{'$oid': '0a49181b706b9400bb575d39'},Enes,Çetin,enes.cetin6afb,$2b$10$vLTmtWbxZtdml9y5jqRfCCcMTPPPmAMdvLTmtWbxZtdml9y5jqRfC,enes.cetin6afb@example.com,5461457779,tr,TRY,light,İlk evcil hayvanınızın adı nedir?,$2b$10$wp0yxyQo7INQM9sBlbUGRdYXOvXax5gzwp0yxyQo7INQM9sBlbUGR,{'$date': '2025-11-28T09:53:41.851000Z'},{'$date': '2025-11-28T09:53:41.851000Z'}
{'$oid': '2d2ecf8edc50b986f843c278'},Burak,Sarı,burak.sari7af1,$2b$10$s0U75nBlPRnBImDAM/uNsjlEttHA1JVNs0U75nBlPRnBImDAM/uNs,burak.sari7af1@example.com,5797042990,tr,USD,dark,İlk evcil hayvanınızın adı nedir?,$2b$10$yrvPgbSRIyFSo65wS1uSuh/kELQsIupByrvPgbSRIyFSo65wS1uSu,{'$date': '2025-11-27T09:53:41.851000Z'},{'$date': '2025-11-27T09:53:41.851000Z'}
{'$oid': 'f7e78e6420aa4f1bf6d780e7'},Zeynep,Bozkurt,zeynep.bozkurt3b3d,$2b$10$S2WcQwAOeZv9JE5BkQtLjkLPY6g2v/4US2WcQwAOeZv9JE5BkQtLj,zeynep.bozkurt3b3d@example.com,5706448573,tr,TRY,light,Annenizin kızlık soyadı nedir?,$2b$10$3U9Nx8z8GxG5qpozN2G3dpX8Q4EVNf/n3U9Nx8z8GxG5qpozN2G3d,{'$date': '2025-11-26T09:53:41.851000Z'},{'$date': '2025-11-26T09:53:41.851000Z'}
{'$oid': 'a209ad666991b6cb7b869f98'},Ahmet,Arslan,ahmet.arslan8f68,$2b$10$b3dXQOTlVoZb.BQ4t9VwPlWPasWkXX3fb3dXQOTlVoZb.BQ4t9VwP,ahmet.arslan8f68@example.com,5721313953,tr,USD,dark,İlk evcil hayvanınızın adı nedir?,$2b$10$v1RzfkfcVLnpcK6RB8ztVHw6RNKkeoEOv1RzfkfcVLnpcK6RB8ztV,{'$date': '2025-11-25T09:53:41.851000Z'},{'$date': '2025-11-25T09:53:41.851000Z'}
{'$oid': 'c95629cdf40439c41dcabb61'},Kadir,Karaca,kadir.karaca7c89,$2b$10$q6PL0bHAKHmeCM3ElcT1Jo/eOARs4ih6q6PL0bHAKHmeCM3ElcT1J,kadir.karaca7c89@example.com,5941065184,tr,USD,light,İlkokul öğretmeninizin adı nedir?,$2b$10$Xwl5dDqsx.RtKGUUtXtQKVZrlx5VEJxtXwl5dDqsx.RtKGUUtXtQK,{'$date': '2025-11-24T09:53:41.851000Z'},{'$date': '2025-11-24T09:53:41.851000Z'}
{'$oid': 'dc3e1a273d06405810658675'},Kaan,Öztürk,kaan.ozturk2094,$2b$10$//m0e5DW4jsU/LG3L42wgl5cI4oYXABU//m0e5DW4jsU/LG3L42wg,kaan.ozturk2094@example.com,5828396581,tr,TRY,dark,Annenizin kızlık soyadı nedir?,$2b$10$BED9IhQ3rPWvihj.uRN5xP4bucBYtj0GBED9IhQ3rPWvihj.uRN5x,{'$date': '2025-12-23T09:53:41.851000Z'},{'$date': '2025-12-23T09:53:41.851000Z'}
{'$oid': '300cf83dccc36cffd6f5c54d'},Berk,Koç,berk.koc87d9,$2b$10$vJqiS3iLZDGYJXv9xpA2pUhqXz/w0X5DvJqiS3iLZDGYJXv9xpA2p,berk.koc87d9@example.com,5226980620,en,TRY,light,Annenizin kızlık soyadı nedir?,$2b$10$suquH.Q/Qywro13sAd1B6hLZjwG/LdIksuquH.Q/Qywro13sAd1B6,{'$date': '2025-12-22T09:53:41.851000Z'},{'$date': '2025-12-22T09:53:41.851000Z'}
{'$oid': '5deb5a0ea69fe7a4dc654099'},Gül,Demir,gul.demir087f,$2b$10$aWWLRG1yY8uIpgQW6BYUIpFoBr.HK0IDaWWLRG1yY8uIpgQW6BYUI,gul.demir087f@example.com,5991330671,tr,EUR,dark,İlkokul öğretmeninizin adı nedir?,$2b$10$w.eIy4HwXHcM5NhLL17NbGWaxW/aTuDSw.eIy4HwXHcM5NhLL17Nb,{'$date': '2025-12-21T09:53:41.851000Z'},{'$date': '2025-12-21T09:53:41.851000Z'}
{'$oid': 'bc0d0e4b79bffa2f467da4d0'},Sevgi,Doğan,sevgi.doganc86c,$2b$10$72WDYqbHPQ/t.cxVzF2rpGXuuP47guAa72WDYqbHPQ/t.cxVzF2rp,sevgi.doganc86c@example.com,5942431248,en,USD,light,İlkokul öğretmeninizin adı nedir?,$2b$10$Dc6LWPDSN7Iw6VLKczdnw.ma2KCbNhY7Dc6LWPDSN7Iw6VLKczdnw,{'$date': '2025-12-20T09:53:41.851000Z'},{'$date': '2025-12-20T09:53:41.851000Z'}
{'$oid': '4625e2f8db41ef1b9a3c1d76'},Süleyman,Erdoğan,suleyman.erdogan6eef,$2b$10$NOxKt/djaSA7cWAOYAy2Hb1blQ2nSS1TNOxKt/djaSA7cWAOYAy2H,suleyman.erdogan6eef@example.com,5198873094,tr,EUR,dark,İlkokul öğretmeninizin adı nedir?,$2b$10$SqwjD039Z3Mb5jrI5IlzYylf1D1qc3H/SqwjD039Z3Mb5jrI5IlzY,{'$date': '2025-12-19T09:53:41.851000Z'},{'$date': '2025-12-19T09:53:41.851000Z'}
{'$oid': 'edee5f7717502f247c7d16ae'},Arda,Toprak,arda.toprak1ec3,$2b$10$myVbLdLX.WKzQxNWBMw.1OZOcS80wNKvmyVbLdLX.WKzQxNWBMw.1,arda.toprak1ec3@example.com,5229224855,tr,EUR,light,Doğduğunuz şehir neresi?,$2b$10$OJaias0cSOa6y99ahprhi/NsgQoy8xJzOJaias0cSOa6y99ahprhi,{'$date': '2025-12-18T09:53:41.851000Z'},{'$date': '2025-12-18T09:53:41.851000Z'}
{'$oid': '43670daa84b7a245b483b48d'},Derya,Demir,derya.demir69e3,$2b$10$oXBibVaXTgyKtvnf4jU5yuJA65hrN0buoXBibVaXTgyKtvnf4jU5y,derya.demir69e3@example.com,5205449994,tr,TRY,dark,İlkokul öğretmeninizin adı nedir?,$2b$10$iZ2/c0VxFdowd.ysfQ7YUCoWOlZYIG7GiZ2/c0VxFdowd.ysfQ7YU,{'$date': '2025-12-17T09:53:41.851000Z'},{'$date': '2025-12-17T09:53:41.851000Z'}
{'$oid': '4ebeac271a28ec4b8132159b'},Onur,Toprak,onur.toprake5eb,$2b$10$lqn34WOR.s3mup7qIn7ZPQ.lPMbFsAYTlqn34WOR.s3mup7qIn7ZP,onur.toprake5eb@example.com,5894706817,en,TRY,light,İlk evcil hayvanınızın adı nedir?,$2b$10$ZfkUsTmOOSmo5jU6idOyvPBQMyPNrrx7ZfkUsTmOOSmo5jU6idOyv,{'$date': '2025-12-16T09:53:41.851000Z'},{'$date': '2025-12-16T09:53:41.851000Z'}
{'$oid': '5487903badb338b54a9701df'},Enes,Kurt,enes.kurt1052,$2b$10$gnvz9tVI9W2lf5n0AQbZJQed.sJE5RFognvz9tVI9W2lf5n0AQbZJ,enes.kurt1052@example.com,5812942289,tr,EUR,dark,İlkokul öğretmeninizin adı nedir?,$2b$10$XvBb9iepzDX1Qk54qserLU6fs7Bgr2xKXvBb9iepzDX1Qk54qserL,{'$date': '2025-12-15T09:53:41.851000Z'},{'$date': '2025-12-15T09:53:41.851000Z'}
{'$oid': 'dabbabb3f9ffa2d313e0d0f4'},Gizem,Özdemir,gizem.ozdemirfe3e,$2b$10$JQolO6alhS9GC/90L9bu2ONPRMtHh/WiJQolO6alhS9GC/90L9bu2,gizem.ozdemirfe3e@example.com,5611995433,tr,USD,light,Doğduğunuz şehir neresi?,$2b$10$64Kxj0olhgWHqT8uxiM6ltEeJvoLb5Il64Kxj0olhgWHqT8uxiM6l,{'$date': '2025-12-14T09:53:41.851000Z'},{'$date': '2025-12-14T09:53:41.851000Z'}
{'$oid': 'd82fca2682b433fd6e792592'},Orhan,Erdem,orhan.erdem6a3a,$2b$10$z3dZhUXIaYkQ6OgHQronTA4Vdn1A5OT7z3dZhUXIaYkQ6OgHQronT,orhan.erdem6a3a@example.com,5662695849,en,TRY,dark,Annenizin kızlık soyadı nedir?,$2b$10$XadiC6DMAJo0dSS/GmZZBNlZtxiA/jDSXadiC6DMAJo0dSS/GmZZB,{'$date': '2025-12-13T09:53:41.851000Z'},{'$date': '2025-12-13T09:53:41.851000Z'}
{'$oid': '229e991b5c200219dba8a293'},Esra,Yalçın,esra.yalcin646a,$2b$10$lAfYV5IOnPtGZnWaXLh8T6EOm7sLCCPolAfYV5IOnPtGZnWaXLh8T,esra.yalcin646a@example.com,5686909813,tr,TRY,light,Doğduğunuz şehir neresi?,$2b$10$uvCtgjsmeXKJkul2Tm9WopKXAg4Rb2rbuvCtgjsmeXKJkul2Tm9Wo,{'$date': '2025-12-12T09:53:41.851000Z'},{'$date': '2025-12-12T09:53:41.851000Z'}
{'$oid': '1a82fc51676e2be06a5fee52'},Mehmet,Polat,mehmet.polat1a3d,$2b$10$m.BbS0ppDgA6XH2DGw3ttI8A7kX8tytAm.BbS0ppDgA6XH2DGw3tt,mehmet.polat1a3d@example.com,5950854048,en,TRY,dark,Doğduğunuz şehir neresi?,$2b$10$aKEpNVF1OBDwXQPA0P9CdcrST0gOsxBaaKEpNVF1OBDwXQPA0P9Cd,{'$date': '2025-12-11T09:53:41.851000Z'},{'$date': '2025-12-11T09:53:41.851000Z'}
{'$oid': 'e017b55d16bb44476beac83b'},İbrahim,Erdem,ibrahim.erdem96ec,$2b$10$7dgcuBnK11lS2clFN4uPhVSwDw2M.WFx7dgcuBnK11lS2clFN4uPh,ibrahim.erdem96ec@example.com,5972225385,en,USD,light,Doğduğunuz şehir neresi?,$2b$10$tuUl34JcBKlGelkiX50SWNvd3ag87PXDtuUl34JcBKlGelkiX50SW,{'$date': '2025-12-10T09:53:41.851000Z'},{'$date': '2025-12-10T09:53:41.851000Z'}
{'$oid': '5e79bf3c3bdada5872fa8fcb'},Eren,Aslan,eren.aslanf35c,$2b$10$crBXI454ZfZzQRudE10KTSK2/xkBGYEtcrBXI454ZfZzQRudE10KT,eren.aslanf35c@example.com,5386915449,en,EUR,dark,Doğduğunuz şehir neresi?,$2b$10$Zg3zmlqSR1Go4xKLkbTUGgJ7HAc2YdsdZg3zmlqSR1Go4xKLkbTUG,{'$date': '2025-12-09T09:53:41.851000Z'},{'$date': '2025-12-09T09:53:41.851000Z'}
{'$oid': '423c1af9ef36ea6a13f5b7b8'},Orhan,Erdoğan,orhan.erdogan0f8a,$2b$10$qOptLKGhTabaLALgxTj07vXESL/yKT4NqOptLKGhTabaLALgxTj07,orhan.erdogan0f8a@example.com,5429207407,tr,USD,light,Doğduğunuz şehir neresi?,$2b$10$tc0Iw.hSD8AWtZdnsz6KBLb8NjKTieBAtc0Iw.hSD8AWtZdnsz6KB,{'$date': '2025-12-08T09:53:41.851000Z'},{'$date': '2025-12-08T09:53:41.851000Z'}
{'$oid': 'a52377a9f5c6dc9210414bea'},Cem,Polat,cem.polat487d,$2b$10$iumPst2oqjj1cLp96zvZuX39kHy6in84iumPst2oqjj1cLp96zvZu,cem.polat487d@example.com,5705544483,tr,USD,dark,Doğduğunuz şehir neresi?,$2b$10$ZGrmtC8bs57jyla4Mfq/jHmZg4CRSc0cZGrmtC8bs57jyla4Mfq/j,{'$date': '2025-12-07T09:53:41.851000Z'},{'$date': '2025-12-07T09:53:41.851000Z'}
{'$oid': '6fd0c41500b8f9182d2597b3'},Ali,Arslan,ali.arslanf64f,$2b$10$vzXp0lNdgNn0fDeMR08X7o4upY031UkcvzXp0lNdgNn0fDeMR08X7,ali.arslanf64f@example.com,5978188413,en,EUR,light,İlk evcil hayvanınızın adı nedir?,$2b$10$CPdKqwFxW0GZsH38Xnh/9y/aCBxEo0YnCPdKqwFxW0GZsH38Xnh/9,{'$date': '2025-12-06T09:53:41.851000Z'},{'$date': '2025-12-06T09:53:41.851000Z'}
{'$oid': 'abe69d5a80573274e709e96f'},Oğuz,Özdemir,oguz.ozdemira622,$2b$10$BSKhR6lK/7Dau5kvpmMwFZqyELIzxj9nBSKhR6lK/7Dau5kvpmMwF,oguz.ozdemira622@example.com,5531811040,en,USD,dark,Doğduğunuz şehir neresi?,$2b$10$YB7t/.PHYPETLpR8nfihr9hMUnOtuTi5YB7t/.PHYPETLpR8nfihr,{'$date': '2025-12-05T09:53:41.851000Z'},{'$date': '2025-12-05T09:53:41.851000Z'}
{'$oid': '102c83d351762da5333dddba'},Zeynep,Aydın,zeynep.aydin18c8,$2b$10$mbfhmuRXyKVSp6QofULwY.nqbtGLXYNqmbfhmuRXyKVSp6QofULwY,zeynep.aydin18c8@example.com,5251721522,en,TRY,light,İlk evcil hayvanınızın adı nedir?,$2b$10$1xA75kpNa/G7brp.kfpefyyd76P325l41xA75kpNa/G7brp.kfpef,{'$date': '2025-12-04T09:53:41.851000Z'},{'$date': '2025-12-04T09:53:41.851000Z'}
{'$oid': 'a8b1bb53d1127dbe883b454e'},Pınar,Bozkurt,pinar.bozkurt646a,$2b$10$uMdaDHII.hNRk0Dj1SxwLwiu1WfmwC7duMdaDHII.hNRk0Dj1SxwL,pinar.bozkurt646a@example.com,5520264461,en,TRY,dark,İlk evcil hayvanınızın adı nedir?,$2b$10$84jUlWV98.mw9joOjkR5esQQqDESEoSA84jUlWV98.mw9joOjkR5e,{'$date': '2025-12-03T09:53:41.851000Z'},{'$date': '2025-12-03T09:53:41.851000Z'}
{'$oid': '7944e731a62918240bd2444d'},Bahar,Taş,bahar.tas7bb7,$2b$10$7h.ZDokedrNkNt1sh3QvueV6v2KVwUR/7h.ZDokedrNkNt1sh3Qvu,bahar.tas7bb7@example.com,5424785943,tr,TRY,light,İlk evcil hayvanınızın adı nedir?,$2b$10$My284qoIFo7xv0aWyBzru0KzbZLiY2X7My284qoIFo7xv0aWyBzru,{'$date': '2025-12-02T09:53:41.851000Z'},{'$date': '2025-12-02T09:53:41.851000Z'}
{'$oid': '59b6845fcfa5e66245da249f'},Barış,Doğan,baris.doganfef7,$2b$10$f3KuIe3Xfe33NjY063en0hmK37rwvjLef3KuIe3Xfe33NjY063en0,baris.doganfef7@example.com,5962540170,tr,TRY,dark,İlk evcil hayvanınızın adı nedir?,$2b$10$lFVCHXYsHsrtet2kkyyMGScDBgBTGRzQlFVCHXYsHsrtet2kkyyMG,{'$date': '2025-12-01T09:53:41.851000Z'},{'$date': '2025-12-01T09:53:41.851000Z'}
{'$oid': '339c38f64205746ffc8606d4'},Berk,Erdem,berk.erdem4497,$2b$10$s5gxTshSeM5K6wFa6VpsSSAjaagzoFY3s5gxTshSeM5K6wFa6VpsS,berk.erdem4497@example.com,5428077082,tr,EUR,light,İlk evcil hayvanınızın adı nedir?,$2b$10$uCsMRu6p7DRUoHWKutn/v2/3KxEgnRT4uCsMRu6p7DRUoHWKutn/v,{'$date': '2025-11-30T09:53:41.851000Z'},{'$date': '2025-11-30T09:53:41.851000Z'}
{'$oid': '9fdeb1d45b64f41dec28a914'},Barış,Erdoğan,baris.erdoganc6ab,$2b$10$y0RNQz79DqYNN4XGaW95II9cMecl8IEey0RNQz79DqYNN4XGaW95I,baris.erdoganc6ab@example.com,5655875760,tr,USD,dark,İlkokul öğretmeninizin adı nedir?,$2b$10$gKetxorqhspwCGGqT.GEEeSaZDihjUCAgKetxorqhspwCGGqT.GEE,{'$date': '2025-11-29T09:53:41.851000Z'},{'$date': '2025-11-29T09:53:41.851000Z'}
{'$oid': '8873b1a2eaaa8aba6efce5f5'},Gizem,Sarı,gizem.sari857a,$2b$10$Molj1ex0ql68eqGO8FvAQty4vDzxfgpIMolj1ex0ql68eqGO8FvAQ,gizem.sari857a@example.com,5454209414,tr,USD,light,İlkokul öğretmeninizin adı nedir?,$2b$10$bz3tbF8.Ovgu87tdnuglwt7zs/pGa280bz3tbF8.Ovgu87tdnuglw,{'$date': '2025-11-28T09:53:41.851000Z'},{'$date': '2025-11-28T09:53:41.851000Z'}
{'$oid': '0653acfb0d2ee097b0936d74'},Ali,Yavuz,ali.yavuz4ece,$2b$10$ZhrZ49QUWgNyuoTv7oVXj9D13T0c7FhXZhrZ49QUWgNyuoTv7oVXj,ali.yavuz4ece@example.com,5550247948,en,TRY,dark,Annenizin kızlık soyadı nedir?,$2b$10$UoWmj6jxD1uo9vD49MRXkwUNqG531AazUoWmj6jxD1uo9vD49MRXk,{'$date': '2025-11-27T09:53:41.851000Z'},{'$date': '2025-11-27T09:53:41.851000Z'}
{'$oid': '93bf7d00845b9ef9b0a47629'},Recep,Ekinci,recep.ekinci2d5d,$2b$10$P89rxFIKIsqxnXrnbB5Kw7fNPjudg5UxP89rxFIKIsqxnXrnbB5Kw,recep.ekinci2d5d@example.com,5300550354,tr,TRY,light,İlkokul öğretmeninizin adı nedir?,$2b$10$I.YEy8Wu5gTgY6C/hlO1T0.BctBP4pJxI.YEy8Wu5gTgY6C/hlO1T,{'$date': '2025-11-26T09:53:41.851000Z'},{'$date': '2025-11-26T09:53:41.851000Z'}
{'$oid': '1d96f9d3f3901f8caa088168'},Damla,Uçar,damla.ucarbf19,$2b$10$aExxKjHDNABvjy15tOXiSIhrCtrraBgQaExxKjHDNABvjy15tOXiS,damla.ucarbf19@example.com,5195523856,tr,EUR,dark,Doğduğunuz şehir neresi?,$2b$10$jpcna2PQ1gPKEusePnTu1BAinuuoFNW9jpcna2PQ1gPKEusePnTu1,{'$date': '2025-11-25T09:53:41.851000Z'},{'$date': '2025-11-25T09:53:41.851000Z'}
{'$oid': '40360e41cedcfe62e68a742c'},Büşra,Özcan,busra.ozcanf563,$2b$10$eeM.B3j5DJSt7Bstth6YidDBZZ/eknJUeeM.B3j5DJSt7Bstth6Yi,busra.ozcanf563@example.com,5730136363,tr,EUR,light,Annenizin kızlık soyadı nedir?,$2b$10$ravtYDUORVBKaHQ6yQqSB3F9l3niDJ8bravtYDUORVBKaHQ6yQqSB,{'$date': '2025-11-24T09:53:41.851000Z'},{'$date': '2025-11-24T09:53:41.851000Z'}
{'$oid': 'a5261e4e973e49de2bc2fbd5'},Gül,Aksoy,gul.aksoybe79,$2b$10$A6s7EN2mBKkueWODWAoRRObrMQO4uj5GA6s7EN2mBKkueWODWAoRR,gul.aksoybe79@example.com,5227810505,tr,USD,dark,Doğduğunuz şehir neresi?,$2b$10$TzjwF6czZR9WY/kaJhjHXvpYoexpLClpTzjwF6czZR9WY/kaJhjHX,{'$date': '2025-12-23T09:53:41.851000Z'},{'$date': '2025-12-23T09:53:41.851000Z'}
{'$oid': '28d041a2eae212988b0b3b21'},Ali,Taş,ali.tas8e58,$2b$10$G9r4gi3KtACaVK0gBvsmI26iDG2za3d4G9r4gi3KtACaVK0gBvsmI,ali.tas8e58@example.com,5102239598,tr,TRY,light,İlkokul öğretmeninizin adı nedir?,$2b$10$7lXMat2QuA5ugZsc7gsmeszAhiFg7bvQ7lXMat2QuA5ugZsc7gsme,{'$date': '2025-12-22T09:53:41.851000Z'},{'$date': '2025-12-22T09:53:41.851000Z'}
{'$oid': 'e19f2674dc98cbf1faca8486'},Merve,Güler,merve.guler910e,$2b$10$JdMm17hvPT33.zHAMa98YCp/L/6siQBiJdMm17hvPT33.zHAMa98Y,merve.guler910e@example.com,5033822385,tr,USD,dark,İlkokul öğretmeninizin adı nedir?,$2b$10$MRl8Jyyvdg4sHjI7PMUZXKtD5q7G45VGMRl8Jyyvdg4sHjI7PMUZX,{'$date': '2025-12-21T09:53:41.851000Z'},{'$date': '2025-12-21T09:53:41.851000Z'}
{'$oid': '6db1f78decd18d325a6fcf19'},Beyza,Sarı,beyza.sari05db,$2b$10$LAZvwYlBS9IgY9viiRAhkzzetcOn0pmvLAZvwYlBS9IgY9viiRAhk,beyza.sari05db@example.com,5684416435,tr,TRY,light,İlk evcil hayvanınızın adı nedir?,$2b$10$RODLMv2Y1loMC2abcNs.2XnwTGnu5d2VRODLMv2Y1loMC2abcNs.2,{'$date': '2025-12-20T09:53:41.851000Z'},{'$date': '2025-12-20T09:53:41.851000Z'}
{'$oid': '8c75f1f30425b45cfe7286a7'},Zeynep,Şimşek,zeynep.simsekf9ea,$2b$10$FQ/a/xrvEAKDA9YPYsBnr8YvavWGXsWFFQ/a/xrvEAKDA9YPYsBnr,zeynep.simsekf9ea@example.com,5157226667,en,TRY,dark,Annenizin kızlık soyadı nedir?,$2b$10$FeQmTG3pfCA8/6K7pBkycN6StgnRTtMjFeQmTG3pfCA8/6K7pBkyc,{'$date': '2025-12-19T09:53:41.851000Z'},{'$date': '2025-12-19T09:53:41.851000Z'}
{'$oid': '1a29640cc14628ad40ec0776'},Arda,Koç,arda.koc1aae,$2b$10$4aBbl.pZcdXz8NnwyeGL8HJ5meykktR/4aBbl.pZcdXz8NnwyeGL8,arda.koc1aae@example.com,5108292670,en,TRY,light,Doğduğunuz şehir neresi?,$2b$10$E35TSAXDpE.8OS0gAeEmubbOQrabwy9KE35TSAXDpE.8OS0gAeEmu,{'$date': '2025-12-18T09:53:41.851000Z'},{'$date': '2025-12-18T09:53:41.851000Z'}
{'$oid': 'defa0f08bc28d9963603c52c'},Enes,Yalçın,enes.yalcin647d,$2b$10$zO/3McCMqKxpupLibKKxIVNW/I.dXT10zO/3McCMqKxpupLibKKxI,enes.yalcin647d@example.com,5215511435,tr,EUR,dark,İlkokul öğretmeninizin adı nedir?,$2b$10$Vyictl43CAyYnmXMlxD8W8msQjTUt3.3Vyictl43CAyYnmXMlxD8W,{'$date': '2025-12-17T09:53:41.851000Z'},{'$date': '2025-12-17T09:53:41.851000Z'}
{'$oid': '02b1f9a04446a1723a34cdc3'},Ali,Aksoy,ali.aksoy485a,$2b$10$TToWj6tKITRmBAybXklQtYCE4MGybQ32TToWj6tKITRmBAybXklQt,ali.aksoy485a@example.com,5597506230,en,USD,light,İlkokul öğretmeninizin adı nedir?,$2b$10$Yh.MJAgzxkOX6Ug22Cu1qDLKv7ipwaB8Yh.MJAgzxkOX6Ug22Cu1q,{'$date': '2025-12-16T09:53:41.851000Z'},{'$date': '2025-12-16T09:53:41.851000Z'}
{'$oid': '9583da1641a7cd34e80740f7'},Oğuz,Tekin,oguz.tekinfc63,$2b$10$Pa/Y7h4d9M0GbIRed1Sg3b6roHl0v/gvPa/Y7h4d9M0GbIRed1Sg3,oguz.tekinfc63@example.com,5230630470,tr,TRY,dark,Annenizin kızlık soyadı nedir?,$2b$10$xlJFYwoorSfjdFpiMzhugHvHuRJAk1IVxlJFYwoorSfjdFpiMzhug,{'$date': '2025-12-15T09:53:41.851000Z'},{'$date': '2025-12-15T09:53:41.851000Z'}
{'$oid': '296800a985307393cda2cf93'},Ece,Kaya,ece.kaya4246,$2b$10$QH09ApPRVdY.OEl1F7617.QaKViRnjp0QH09ApPRVdY.OEl1F7617,ece.kaya4246@example.com,5950401937,tr,EUR,light,Annenizin kızlık soyadı nedir?,$2b$10$ttdjOBJq4Q0Wojo3RSNtHRHKSDNVy7n4ttdjOBJq4Q0Wojo3RSNtH,{'$date': '2025-12-14T09:53:41.851000Z'},{'$date': '2025-12-14T09:53:41.851000Z'}
{'$oid': '609da1ba84a515913704ef94'},Fatma,Şahin,fatma.sahin2812,$2b$10$nGMadiQqQhh4uwjs1OHKBejF0bY5vTmgnGMadiQqQhh4uwjs1OHKB,fatma.sahin2812@example.com,5172520184,en,TRY,dark,Doğduğunuz şehir neresi?,$2b$10$Y4a3E/52JQnceYF6FczO.tqqKmU4PagZY4a3E/52JQnceYF6FczO.,{'$date': '2025-12-13T09:53:41.851000Z'},{'$date': '2025-12-13T09:53:41.851000Z'}
{'$oid': 'c3cc2cccc86b328374cd9871'},Nazlı,Kılıç,nazli.kilic5a16,$2b$10$7GViA8Mk6Je9XvqCNGBlCW8via5IWl0S7GViA8Mk6Je9XvqCNGBlC,nazli.kilic5a16@example.com,5790297221,tr,USD,light,İlk evcil hayvanınızın adı nedir?,$2b$10$42ElJ6sZfWU8k4QzS.4OH4crnJvAEIbX42ElJ6sZfWU8k4QzS.4OH,{'$date': '2025-12-12T09:53:41.851000Z'},{'$date': '2025-12-12T09:53:41.851000Z'}
{'$oid': '8bf8e2d3a072683d1b7360b3'},Kübra,Şahin,kubra.sahin01ef,$2b$10$ICcc1FSxJkdJk.8Aed1uudSZVJr5qiipICcc1FSxJkdJk.8Aed1uu,kubra.sahin01ef@example.com,5581515659,en,TRY,dark,İlkokul öğretmeninizin adı nedir?,$2b$10$ZXwRvfAHOkn/6Aldy6QgJMmZ3iCrdBCBZXwRvfAHOkn/6Aldy6QgJ,{'$date': '2025-12-11T09:53:41.851000Z'},{'$date': '2025-12-11T09:53:41.851000Z'}
{'$oid': '6a63393c79bdced36d747c70'},Gizem,Özcan,gizem.ozcanf863,$2b$10$9oxN3Yku0KP3Mb98jUUDOz2eP..85p3M9oxN3Yku0KP3Mb98jUUDO,gizem.ozcanf863@example.com,5860924603,en,TRY,light,İlk evcil hayvanınızın adı nedir?,$2b$10$YTgj//fu8zbsGRNkvyfmSLVhCRPMdDHMYTgj//fu8zbsGRNkvyfmS,{'$date': '2025-12-10T09:53:41.851000Z'},{'$date': '2025-12-10T09:53:41.851000Z'}
{'$oid': 'eb369c26e47768377307b3e8'},Süleyman,Sarı,suleyman.saricd71,$2b$10$y39Vaa7ufys.TgsU.tMGogiYC.RLdE2oy39Vaa7ufys.TgsU.tMGo,suleyman.saricd71@example.com,5438264803,tr,EUR,dark,İlkokul öğretmeninizin adı nedir?,$2b$10$yxvAOhjUfkvDEEixrT/vH9M.El4nKFimyxvAOhjUfkvDEEixrT/vH,{'$date': '2025-12-09T09:53:41.851000Z'},{'$date': '2025-12-09T09:53:41.851000Z'}
{'$oid': '702d7b875181abc377ff1f22'},Ali,Doğan,ali.dogan1ce9,$2b$10$YS8sIks6.pPUIwSGO8KvjgpqSonHhsnFYS8sIks6.pPUIwSGO8Kvj,ali.dogan1ce9@example.com,5220090670,en,EUR,light,İlkokul öğretmeninizin adı nedir?,$2b$10$LnN1.fn34n/3k0pcB1uNeHtpLooDWvsHLnN1.fn34n/3k0pcB1uNe,{'$date': '2025-12-08T09:53:41.851000Z'},{'$date': '2025-12-08T09:53:41.851000Z'}
{'$oid': 'e5ecab85c44647b1b28418c4'},Recep,Kaya,recep.kaya0360,$2b$10$kPlQuIxuXEgHPtRUXsGBCtpUYRq/b9S2kPlQuIxuXEgHPtRUXsGBC,recep.kaya0360@example.com,5262857811,en,USD,dark,Doğduğunuz şehir neresi?,$2b$10$IBHevg9BJ8CIC5Jc6nBuOyAL2AloZ63UIBHevg9BJ8CIC5Jc6nBuO,{'$date': '2025-12-07T09:53:41.851000Z'},{'$date': '2025-12-07T09:53:41.851000Z'}
{'$oid': 'f5735309b4602dd75fb7fc81'},Sinan,Ekinci,sinan.ekinci68fa,$2b$10$yd5PLKjWmCszRa6AZP3EXV9MgnTgvZ3Lyd5PLKjWmCszRa6AZP3EX,sinan.ekinci68fa@example.com,5283171395,en,TRY,light,Doğduğunuz şehir neresi?,$2b$10$/Roz8W3Bw0bqhd2YUfWEUHeeuBlW24pg/Roz8W3Bw0bqhd2YUfWEU,{'$date': '2025-12-06T09:53:41.851000Z'},{'$date': '2025-12-06T09:53:41.851000Z'}
{'$oid': 'af86e6e6300fbacbfc4c518e'},Sümeyye,Özcan,sumeyye.ozcane896,$2b$10$PrI1kpmLU7OHoZVOEf8AjX.TuR9AVgcDPrI1kpmLU7OHoZVOEf8Aj,sumeyye.ozcane896@example.com,5418781648,tr,EUR,dark,İlkokul öğretmeninizin adı nedir?,$2b$10$UCo6t8FgInfjYd0RHqtxZi.Rm86dHs7vUCo6t8FgInfjYd0RHqtxZ,{'$date': '2025-12-05T09:53:41.851000Z'},{'$date': '2025-12-05T09:53:41.851000Z'}
{'$oid': 'df47f8f432e3f63497151a86'},Derya,Özcan,derya.ozcanc96d,$2b$10$PfcLYlk3XdgBIzsqh4ie/a5qW8NhijCjPfcLYlk3XdgBIzsqh4ie/,derya.ozcanc96d@example.com,5063211541,tr,TRY,light,Doğduğunuz şehir neresi?,$2b$10$vnpuSFRXlf/ot16JshbQFtdH1xNirUrvvnpuSFRXlf/ot16JshbQF,{'$date': '2025-12-04T09:53:41.851000Z'},{'$date': '2025-12-04T09:53:41.851000Z'}
{'$oid': 'dbcc16c8aebb46ce119b7e3f'},Şule,Avcı,sule.avci1d65,$2b$10$uj/ePDB1z6fDMDznVNabzVYbiUK7M9.Quj/ePDB1z6fDMDznVNabz,sule.avci1d65@example.com,5686656953,tr,TRY,dark,İlkokul öğretmeninizin adı nedir?,$2b$10$t1V.UtqbLbga4DTh3j3jC2pGe/sTMqjvt1V.UtqbLbga4DTh3j3jC,{'$date': '2025-12-03T09:53:41.851000Z'},{'$date': '2025-12-03T09:53:41.851000Z'}
{'$oid': 'a7ebc6ea57cbdd1e94491cf0'},Ayşe,Yılmaz,ayse.yilmazcc6b,$2b$10$2PKFjn/tu5z9oheXQsDcw8P/TQdFFRwx2PKFjn/tu5z9oheXQsDcw,ayse.yilmazcc6b@example.com,5469663554,tr,USD,light,Annenizin kızlık soyadı nedir?,$2b$10$Z3fhNoQbnbfCnJbSxtb/RJChpVxW.hGwZ3fhNoQbnbfCnJbSxtb/R,{'$date': '2025-12-02T09:53:41.851000Z'},{'$date': '2025-12-02T09:53:41.851000Z'}
{'$oid': '77e0e95abb061c49ab2483c3'},Recep,Özdemir,recep.ozdemir7a8f,$2b$10$mQ6od1a373r8uOfgqdGezm7eGtGtXrNqmQ6od1a373r8uOfgqdGez,recep.ozdemir7a8f@example.com,5581629884,en,USD,dark,Doğduğunuz şehir neresi?,$2b$10$mobQoavhJ2xO9yPuo.bE2NuzdCFC54xwmobQoavhJ2xO9yPuo.bE2,{'$date': '2025-12-01T09:53:41.851000Z'},{'$date': '2025-12-01T09:53:41.851000Z'}
{'$oid': '9f29bc9f9f36815758054e97'},Furkan,Karaca,furkan.karacaf405,$2b$10$2iNoWDmStlCgY8/j0zIM6R.KicJjtg3l2iNoWDmStlCgY8/j0zIM6,furkan.karacaf405@example.com,5140329089,en,EUR,light,İlk evcil hayvanınızın adı nedir?,$2b$10$S4.nmRRWaHDnSyq9K7yhbujpEtf8KiNZS4.nmRRWaHDnSyq9K7yhb,{'$date': '2025-11-30T09:53:41.851000Z'},{'$date': '2025-11-30T09:53:41.851000Z'}
{'$oid': '49670e4b12181330fecaea5a'},Ceren,Kaplan,ceren.kaplan7191,$2b$10$hlQSfIG1cjTQYTGQAUlV/o2nWV6q.hA7hlQSfIG1cjTQYTGQAUlV/,ceren.kaplan7191@example.com,5802502193,en,TRY,dark,İlk evcil hayvanınızın adı nedir?,$2b$10$stv4Y2mxQaapGoYUfHbjRbV59NoOFGFJstv4Y2mxQaapGoYUfHbjR,{'$date': '2025-11-29T09:53:41.851000Z'},{'$date': '2025-11-29T09:53:41.851000Z'}
{'$oid': '221464edf3305cf34d5a7ea5'},Büşra,Kılıç,busra.kilice09d,$2b$10$77DlfjYLr1K3jkXLs5msSfpj2Dy/QWek77DlfjYLr1K3jkXLs5msS,busra.kilice09d@example.com,5851994667,en,TRY,light,Doğduğunuz şehir neresi?,$2b$10$9gazivBITLdASk4SahDLNLL.X1agFiT69gazivBITLdASk4SahDLN,{'$date': '2025-11-28T09:53:41.851000Z'},{'$date': '2025-11-28T09:53:41.851000Z'}
{'$oid': 'd280b2dd45d827f8d63fd5ae'},Fatma,Kaplan,fatma.kaplandeec,$2b$10$jttvfLOGMiOlxAJTmeRkdzSdiFJJbqqWjttvfLOGMiOlxAJTmeRkd,fatma.kaplandeec@example.com,5172217505,en,USD,dark,İlk evcil hayvanınızın adı nedir?,$2b$10$uCbuUF4i33UDDl7YzdIGTj5sMX42drfSuCbuUF4i33UDDl7YzdIGT,{'$date': '2025-11-27T09:53:41.851000Z'},{'$date': '2025-11-27T09:53:41.851000Z'}
{'$oid': '3bd85de641b4e96265d22b4c'},Gizem,Karaca,gizem.karaca7959,$2b$10$.OqZSswJyYLTzP00o3w9ahrwoSXVrFjY.OqZSswJyYLTzP00o3w9a,gizem.karaca7959@example.com,5422286915,en,TRY,light,İlk evcil hayvanınızın adı nedir?,$2b$10$10o4iY0mhdpdIfOUX8kfqzhTWuo3diVt10o4iY0mhdpdIfOUX8kfq,{'$date': '2025-11-26T09:53:41.851000Z'},{'$date': '2025-11-26T09:53:41.851000Z'}
{'$oid': 'ae4c003d3df6fde66bc24ad3'},Kadir,Erdoğan,kadir.erdogan8d40,$2b$10$Ft3xSqd4236vBk2D62LoSx7Sr2nF7kinFt3xSqd4236vBk2D62LoS,kadir.erdogan8d40@example.com,5907535162,en,TRY,dark,İlkokul öğretmeninizin adı nedir?,$2b$10$S64uX658/EmtYcB84VuL1Fr5BMJKrKmhS64uX658/EmtYcB84VuL1,{'$date': '2025-11-25T09:53:41.851000Z'},{'$date': '2025-11-25T09:53:41.851000Z'}
{'$oid': '9c7c3e050403c718d9a6591d'},Samet,Kılıç,samet.kilica48a,$2b$10$txAu6qfWDmFyhm0e2LZ6jIRg.Ebrq93ztxAu6qfWDmFyhm0e2LZ6j,samet.kilica48a@example.com,5844571390,en,TRY,light,Doğduğunuz şehir neresi?,$2b$10$VkmbZj1qQbayPwVnczulE3nyBBNBtjIfVkmbZj1qQbayPwVnczulE,{'$date': '2025-11-24T09:53:41.851000Z'},{'$date': '2025-11-24T09:53:41.851000Z'}
{'$oid': 'e109ae0a347a175d154ac989'},Enes,Yalçın,enes.yalcinac3a,$2b$10$fkv.dxYxvmOgxNQ7cHJNWgcb0aM7r2lpfkv.dxYxvmOgxNQ7cHJNW,enes.yalcinac3a@example.com,5393440723,en,USD,dark,Doğduğunuz şehir neresi?,$2b$10$td1grl1KD76uv7CjG3/L1JMyFQPSthOutd1grl1KD76uv7CjG3/L1,{'$date': '2025-12-23T09:53:41.851000Z'},{'$date': '2025-12-23T09:53:41.851000Z'}
{'$oid': '91eefd03d7813b0de11a9ce0'},Berk,Çetin,berk.cetin6043,$2b$10$rsJYS34Sv2mDo8nHrxOgSOu1Dc0/j38trsJYS34Sv2mDo8nHrxOgS,berk.cetin6043@example.com,5497089242,tr,TRY,light,Doğduğunuz şehir neresi?,$2b$10$RnELJ/jjplNiOkchw8.eF4b2w2HWrc/mRnELJ/jjplNiOkchw8.eF,{'$date': '2025-12-22T09:53:41.851000Z'},{'$date': '2025-12-22T09:53:41.851000Z'}
{'$oid': 'd7d2508b23f665625f9bd0a2'},Şule,Güler,sule.guler7bcc,$2b$10$4tpAlAsiDnowKfOVdZKQA8wM9oz5DRsZ4tpAlAsiDnowKfOVdZKQA,sule.guler7bcc@example.com,5605841449,tr,TRY,dark,İlk evcil hayvanınızın adı nedir?,$2b$10$ZpMfBWMmxDgphUhSN3k6W3dUSYbTe3HGZpMfBWMmxDgphUhSN3k6W,{'$date': '2025-12-21T09:53:41.851000Z'},{'$date': '2025-12-21T09:53:41.851000Z'}
{'$oid': '896cfa7ed2b25783b526c7bc'},Beyza,Kaya,beyza.kaya5a34,$2b$10$lmv7J6JI/sRjKl.f8BRu8K8AekN0aWIPlmv7J6JI/sRjKl.f8BRu8,beyza.kaya5a34@example.com,5102741934,tr,EUR,light,Doğduğunuz şehir neresi?,$2b$10$lur6RkkRFrXnnsEHWtTQsOK3.OeUA32zlur6RkkRFrXnnsEHWtTQs,{'$date': '2025-12-20T09:53:41.851000Z'},{'$date': '2025-12-20T09:53:41.851000Z'}
{'$oid': 'ec602447306444bfd4ea9bc3'},Hande,Çelik,hande.celik7081,$2b$10$.V1WDFpF56jnn.HbEPQwF.jFiVJuBhxP.V1WDFpF56jnn.HbEPQwF,hande.celik7081@example.com,5191600838,tr,USD,dark,İlk evcil hayvanınızın adı nedir?,$2b$10$vDkJYm2o709AND4Nq9pQ4ALluEzWtsMSvDkJYm2o709AND4Nq9pQ4,{'$date': '2025-12-19T09:53:41.851000Z'},{'$date': '2025-12-19T09:53:41.851000Z'}
{'$oid': '292afe7e48d0332c9c707980'},Onur,Güneş,onur.gunes3e4d,$2b$10$D3pjEcmccumXaMYYNg5trRO.B8sDWvKGD3pjEcmccumXaMYYNg5tr,onur.gunes3e4d@example.com,5444290691,en,USD,light,Annenizin kızlık soyadı nedir?,$2b$10$L4NQTsOk8ZoPOEQmxTHtzb32LoOKs/SxL4NQTsOk8ZoPOEQmxTHtz,{'$date': '2025-12-18T09:53:41.851000Z'},{'$date': '2025-12-18T09:53:41.851000Z'}
{'$oid': 'd07cbe2d6ebfb6f487d58acf'},Bahar,Güler,bahar.gulerc812,$2b$10$WLD2AkDtoTgPX7mYTVKZNLklh8bkq9pBWLD2AkDtoTgPX7mYTVKZN,bahar.gulerc812@example.com,5465538973,tr,USD,dark,Annenizin kızlık soyadı nedir?,$2b$10$JgbGqfzZlAY6z6yNQbvY6vOVw80V/pyEJgbGqfzZlAY6z6yNQbvY6,{'$date': '2025-12-17T09:53:41.851000Z'},{'$date': '2025-12-17T09:53:41.851000Z'}
{'$oid': '36d4793df5d882092e92e511'},Umut,Güneş,umut.gunes3463,$2b$10$tIRhWEATcap581gFJ9OXaFSvwxQr.iA2tIRhWEATcap581gFJ9OXa,umut.gunes3463@example.com,5614706039,en,USD,light,Doğduğunuz şehir neresi?,$2b$10$qBIpaFXwhfB5iU.VrJCcl3vkbdLhO8XyqBIpaFXwhfB5iU.VrJCcl,{'$date': '2025-12-16T09:53:41.851000Z'},{'$date': '2025-12-16T09:53:41.851000Z'}
{'$oid': '0001388848c73a89bc8d26e1'},Furkan,Güler,furkan.guler164d,$2b$10$mAx82C49c7/dGV1WkPgxYY8DbqQK5R5FmAx82C49c7/dGV1WkPgxY,furkan.guler164d@example.com,5158632259,tr,USD,dark,İlk evcil hayvanınızın adı nedir?,$2b$10$HPE2XS8WJdQp6PCwUU7kCREtcfjeF2GIHPE2XS8WJdQp6PCwUU7kC,{'$date': '2025-12-15T09:53:41.851000Z'},{'$date': '2025-12-15T09:53:41.851000Z'}
{'$oid': '0370dac680b6f1d30e5fcaae'},Orhan,Aksoy,orhan.aksoy29db,$2b$10$8zg.1oYRdTQggXeTHk/cDefyk5fcQsJX8zg.1oYRdTQggXeTHk/cD,orhan.aksoy29db@example.com,5571197045,tr,EUR,light,Doğduğunuz şehir neresi?,$2b$10$MhmqL702sHRFgMQjIS6LaAlKB7jKmIIsMhmqL702sHRFgMQjIS6La,{'$date': '2025-12-14T09:53:41.851000Z'},{'$date': '2025-12-14T09:53:41.851000Z'}
{'$oid': 'aae8373fd84d674569391012'},Ceren,Şahin,ceren.sahinec84,$2b$10$JufNp2ozsdo3dt4iLEZFrC0AdMokacy.JufNp2ozsdo3dt4iLEZFr,ceren.sahinec84@example.com,5366236226,tr,EUR,dark,İlkokul öğretmeninizin adı nedir?,$2b$10$GnJ7k0HDSF9w94xT0L/57KdXgNmphkW3GnJ7k0HDSF9w94xT0L/57,{'$date': '2025-12-13T09:53:41.851000Z'},{'$date': '2025-12-13T09:53:41.851000Z'}
{'$oid': '426c8c8f2fc8dbb0b36c37b8'},Gül,Yavuz,gul.yavuz53cf,$2b$10$LhjdNQK9nYj26ymPYmG8t7N1z788l5UlLhjdNQK9nYj26ymPYmG8t,gul.yavuz53cf@example.com,5550852475,en,USD,light,İlk evcil hayvanınızın adı nedir?,$2b$10$.Mn0IHzo2zujnTeQfwdLvFYZbRLGRQqL.Mn0IHzo2zujnTeQfwdLv,{'$date': '2025-12-12T09:53:41.851000Z'},{'$date': '2025-12-12T09:53:41.851000Z'}
{'$oid': '06eb6c35cd67adbd55693116'},Gül,Aslan,gul.aslan1e53,$2b$10$26KyZPq5TepznEV532D9g0nF6gl0bZ9Z26KyZPq5TepznEV532D9g,gul.aslan1e53@example.com,5457737275,en,EUR,dark,İlk evcil hayvanınızın adı nedir?,$2b$10$IY9nC8vVdZfI8jGs1uQfGymxk.43h8YbIY9nC8vVdZfI8jGs1uQfG,{'$date': '2025-12-11T09:53:41.851000Z'},{'$date': '2025-12-11T09:53:41.851000Z'}
{'$oid': 'f34b593996a74caee65c59ec'},Kadir,Kılıç,kadir.kilic33e9,$2b$10$a3K6jRiYf3kUmHEQFQRnDXkQgBmpuVAGa3K6jRiYf3kUmHEQFQRnD,kadir.kilic33e9@example.com,5619880696,en,USD,light,İlkokul öğretmeninizin adı nedir?,$2b$10$ep.cq.sEQMTbMwcZF1Z8eIckOT63p4FJep.cq.sEQMTbMwcZF1Z8e,{'$date': '2025-12-10T09:53:41.851000Z'},{'$date': '2025-12-10T09:53:41.851000Z'}
{'$oid': '54ea48d9d90b4f8133c7949b'},Ali,Uçar,ali.ucar07dd,$2b$10$e5EXi.GS62S6Hx3o6HSnEyMb7rj555J2e5EXi.GS62S6Hx3o6HSnE,ali.ucar07dd@example.com,5541632089,en,EUR,dark,Annenizin kızlık soyadı nedir?,$2b$10$QbROciP9JjgJcwxfbHEpS77Z2MSnn3d5QbROciP9JjgJcwxfbHEpS,{'$date': '2025-12-09T09:53:41.851000Z'},{'$date': '2025-12-09T09:53:41.851000Z'}
{'$oid': 'e0591aa9db86dfd6f81dea3b'},Burak,Çelik,burak.celikb836,$2b$10$5ongZ7ixAUYwBztItk.WxnAuQZve2RzI5ongZ7ixAUYwBztItk.Wx,burak.celikb836@example.com,5633002745,en,USD,light,İlkokul öğretmeninizin adı nedir?,$2b$10$eo3X98YZMsMWqE68KPoHsPJyDJKRzlOQeo3X98YZMsMWqE68KPoHs,{'$date': '2025-12-08T09:53:41.851000Z'},{'$date': '2025-12-08T09:53:41.851000Z'}
{'$oid': 'da5eda6713c5e4d262a1f240'},Batuhan,Demir,batuhan.demirdc07,$2b$10$wX8vFYzgC0WUoXtj0sDfPe4omy1pFk1.wX8vFYzgC0WUoXtj0sDfP,batuhan.demirdc07@example.com,5974516183,tr,USD,dark,İlk evcil hayvanınızın adı nedir?,$2b$10$.ulktXnVrqFaM5ny8.Uz5DljPQcb8DzI.ulktXnVrqFaM5ny8.Uz5,{'$date': '2025-12-07T09:53:41.851000Z'},{'$date': '2025-12-07T09:53:41.851000Z'}
{'$oid': '017bf2ae3f0404cf29ccf048'},Ömer,Kaplan,omer.kaplan7bfd,$2b$10$xUquTppKvljqrd32q0Nu/WOezy/QTOzPxUquTppKvljqrd32q0Nu/,omer.kaplan7bfd@example.com,5373559241,en,TRY,light,Doğduğunuz şehir neresi?,$2b$10$C3JA6LIdj6jrJZ5sAh5DvnHj2giWnBQlC3JA6LIdj6jrJZ5sAh5Dv,{'$date': '2025-12-06T09:53:41.851000Z'},{'$date': '2025-12-06T09:53:41.851000Z'}
{'$oid': '90b84a284efdf5f361bb5f00'},Tolga,Koç,tolga.kocddd2,$2b$10$VhnVFSn9iaL0VyBosZtHgjVxrBxsoISnVhnVFSn9iaL0VyBosZtHg,tolga.kocddd2@example.com,5825680864,tr,USD,dark,Doğduğunuz şehir neresi?,$2b$10$u30lVGJECIV4cv00WCxzLqzbgLdv8etLu30lVGJECIV4cv00WCxzL,{'$date': '2025-12-05T09:53:41.851000Z'},{'$date': '2025-12-05T09:53:41.851000Z'}
{'$oid': '2ae21608990ca8725e23830a'},Tuğba,Avcı,tugba.avci39e6,$2b$10$jxQv9HBr/b.eNnjU2hOCg6H1Q5OmRaoujxQv9HBr/b.eNnjU2hOCg,tugba.avci39e6@example.com,5083307098,tr,TRY,light,İlkokul öğretmeninizin adı nedir?,$2b$10$fZvGcy/Koil53Htp9gwYaFRIsXyBrE.UfZvGcy/Koil53Htp9gwYa,{'$date': '2025-12-04T09:53:41.851000Z'},{'$date': '2025-12-04T09:53:41.851000Z'}
